zone,x_upstream,y_upstream,x_core,y_core,x_downstream,y_downstream,l,l_over_xminusx0,b_over_a,detJ_upstream,traceJ_upstream,discJ_upstream,lambda1r_upstream,lambda1i_upstream,lambda2r_upstream,lambda2i_upstream,detJ_core,traceJ_core,discJ_core,lambda1r_core,lambda1i_core,lambda2r_core,lambda2i_core,detJ_downstream,traceJ_downstream,discJ_downstream,lambda1r_downstream,lambda1i_downstream,lambda2r_downstream,lambda2i_downstream,label
1439,0.7561805,-0.006505345,0.761122,-0.006505345,0.773606,-0.00799885,0.0174255000000001,0.0227816103750427,2.52635839320043,-6321.94732012309,-0.0419776717891747,25287.7910426173,79.489688187096,0.0,-79.5316658588852,0.0,16710.812027996,-15.5692250777643,-66600.8473424618,-7.78461253888213,129.035699849365,-7.78461253888213,-129.035699849365,-31027.2724227962,-15.5300892948507,124350.273364691,-184.081715274943,0.0,168.551625980093,0.0,0
154,0.3338685,-0.00128119,0.362035,-0.002082045,0.3736025,-0.001484075,0.0397339999999999,0.112326865694848,0.410682903449131,7674.21291930084,-0.872550287800379,-30696.0903331986,-0.436275143900186,87.6014987503048,-0.436275143900186,-87.6014987503048,171717.278750307,-41.5326247426832,-685144.15608321,-20.7663123713416,413.867175577869,-20.7663123713416,-413.867175577869,-40051.1235840515,-40.6619123426307,161857.885451566,-221.488783170146,0.0,180.826870827515,0.0,1
297,0.641911,-0.00498973,0.6547265,-0.003191005,0.6590505,-0.002836535,0.0171395,0.0263489734323421,0.33740392493465,-20329.3278482393,18.6768122823371,81666.1347099867,-133.548030155272,0.0,152.224842437609,0.0,9026.16690039603,19.0016771477669,-35743.6038671561,9.50083857388345,94.5298945666874,9.50083857388345,-94.5298945666874,-7723.32862584963,-9.53863425638868,30984.3000468757,-92.7811061778377,0.0,83.242471921449,0.0,0
604,0.6190135,-0.009316135,0.6355905,-0.00885647,0.7107055,-0.006505345,0.091692,0.137911844532567,4.53127827713098,-37758.5628752885,15.5638465907508,151276.484821854,-186.689465873992,0.0,202.253312464743,0.0,153066.767041647,-0.901342955663409,-612266.255747466,-0.450671477831705,391.237222074877,-0.450671477831705,-391.237222074877,-29626.4048556195,14.8411625236525,118725.879527531,179.703690944357,0.0,-164.862528420704,0.0,1
661,0.3446565,-0.00170672,0.3736025,-0.00358003,0.418822,-0.004235795,0.0741655,0.1942831396038,1.56220203136876,-49762.7591689957,-66.8287237659505,203517.114996169,192.149994230845,0.0,-258.978717996795,0.0,118054.3061341,-6.09964429925318,-472180.018875824,-3.04982214962659,343.57678140258,-3.04982214962659,-343.57678140258,-80974.3457563087,25.2593195471683,324535.416249221,297.469709735497,0.0,-272.210390188329,0.0,1
649,0.149583,-0.00118661,0.1637695,-0.0007028545,0.1891255,-0.0010101525,0.0395425,0.233489859274273,1.78733302787861,-338962.706014653,10.7987916674145,1355967.43796009,587.62947019437,0.0,-576.830678526955,0.0,116219.092513128,-19.931205773461,-464479.117088926,-9.96560288673051,340.763523975545,-9.96560288673051,-340.763523975545,-144251.131276113,-4.05823596779983,577020.994383621,377.780371886884,0.0,-381.838607854684,0.0,1
1028,0.296738,-0.000849364,0.299962,-0.00128119,0.3043065,-0.00128119,0.0075684999999999,0.0251844913313406,1.34754962779155,-45272.3986648805,-22.6995625931686,181604.864801443,-224.425392759653,0.0,201.725830166485,0.0,83872.6524643797,11.1872352503284,-335365.455624973,5.5936176251642,289.553732330017,5.5936176251642,-289.553732330017,-58903.3914060505,-10.0217838254327,235714.001775246,237.741039992699,0.0,-247.762823818132,0.0,0
1354,0.0099,0.000507121,0.01193065,0.000447714,0.0146642,0.000507121,0.0047642,0.38789783506078,1.34614532292616,-10586801.8003108,-18.664775541402,42347555.5750894,-3263.08236184252,0.0,3244.41758630112,0.0,22208997.9156076,10.1468839044294,-88835888.7031773,5.07344195221481,4712.63961870567,5.07344195221481,-4712.63961870567,-33864025.9577758,-246.363830935888,135516798.968297,-5943.76605643474,0.0,5697.40222549885,0.0,1
262,0.0193141,0.000507121,0.02139935,0.0002852035,0.0242697,0.0002852035,0.0049556,0.227405595657102,1.37650161851097,-22486054.1180662,-422.390674326705,90122630.3540229,-4957.8423209305,0.0,4535.45164660379,0.0,33778380.7387292,136.172694849804,-135094979.952094,68.0863474249024,5811.51830316515,68.0863474249024,-5811.51830316515,-26298955.5719039,-121.189168325861,105210509.102135,-5189.20329174959,0.0,5068.01412342373,0.0,1
1422,0.166452,-0.0007744065,0.185436,0.000100952,0.2020965,-0.00118661,0.0356445,0.19343180069923,0.87760745891277,-301251.506491929,15.1235026124717,1205234.74629899,556.477670709879,0.0,-541.354168097407,0.0,543824.141466639,-38.9392272118106,-2173780.3024507,-19.4696136059053,737.187273094616,-19.4696136059053,-737.187273094616,-108960.176310522,30.2707440478963,436757.023187302,345.573347742275,0.0,-315.302603694378,0.0,1
914,0.360769,-0.001951075,0.3922355,-0.00358003,0.396332,-0.004006965,0.035563,0.0939451935739089,0.130186070900801,-40196.389279474,16.0576136312865,161043.404073428,208.679874638261,0.0,-192.622261006975,0.0,56991.3905806139,37.2154693433449,-226580.57116401,18.6077346716724,238.002400809325,18.6077346716724,-238.002400809325,-8421.73281183219,-11.753122323773,33825.0671316863,-97.8345232039064,0.0,86.0814008801335,0.0,0
77,0.0453954,0.000188797,0.0488365,0.000391006,0.05272365,0.0001438535,0.0073282499999999,0.149374662718402,1.12962424806021,-6350119.06584457,-73.5301356079221,25405882.9442208,-2556.97750647956,0.0,2483.44737087164,0.0,11955431.1629816,-42.9871816481262,-47819876.7541403,-21.4935908240631,3457.59586830721,-21.4935908240631,-3457.59586830721,-3122460.52506689,71.4898827146331,12494952.9035981,1803.15497468278,0.0,-1731.66509196815,0.0,1
483,0.02674275,0.0002852035,0.0295511,0.0002852035,0.0327236,0.0002358795,0.00598085,0.201150734827343,1.12966688624993,-16691534.3942924,-75.0904384967831,66771776.1511232,-4123.24516390669,0.0,4048.15472540991,0.0,63299063.7851332,-177.837521738017,-253164628.956395,-88.9187608690085,7955.57397295121,-88.9187608690085,-7955.57397295121,-11330394.5414684,50.6488502600774,45324143.4719063,3391.48482950422,0.0,-3340.83597924414,0.0,1
3,0.117467,-0.000849364,0.1195845,-0.0007744065,0.120653,-0.0007028545,0.003186,0.0267596169998321,0.504604486422676,-244000.205540325,11.9778017004248,976144.289894875,499.988974204173,0.0,-488.011172503749,0.0,192790.352354458,-15.9805875279033,-770906.030240094,-7.99029376395168,439.006272802592,-7.99029376395168,-439.006272802592,-80592.4075363744,12.1310552228976,322516.792646319,-277.88728213267,0.0,290.018337355567,0.0,0
363,0.1249915,-0.000336875,0.1294375,-0.0002852035,0.131133,-0.0002852035,0.0061415,0.0479571458411828,0.381354026090873,-107100.942311842,-6.65393288051968,428448.044070148,-330.606680167733,0.0,323.952747287214,0.0,93759.8705281283,20.6900717809768,-374611.403042211,10.3450358904884,306.02753268383,10.3450358904884,-306.02753268383,-98270.2116673198,-46.1187312901024,395207.784045088,-337.387134083145,0.0,291.268402793043,0.0,0
1024,0.0649036,2e-05,0.06712455,-0.000447714,0.0776341,-0.0002358795,0.0127305,0.178626426552414,4.73200657376348,-1001579.25363708,101.163582141804,4016551.0849001,1052.64854095587,0.0,-951.484958814067,0.0,1014637.14219121,66.3054199198295,-4054152.1600541,33.1527099599148,1006.746263968,33.1527099599148,-1006.746263968,-735156.988635522,-18.9254669044672,2940986.12783964,-866.927911730576,0.0,848.002444826109,0.0,1
236,0.157851,-0.00128119,0.159806,-0.00128119,0.161119,-0.00118661,0.0032679999999999,0.0204909552622503,0.671611253196941,-110168.781906784,20.0570804821242,441077.414104601,342.096836719588,0.0,-322.039756237464,0.0,44560.7769151871,13.38877815683,-178063.848280216,6.69438907841501,210.988061439632,6.69438907841501,-210.988061439632,-18905.6960732653,-3.31412118681059,75633.767692302,-139.165030991763,0.0,135.850909804952,0.0,0
1172,0.04206725,0.0002358795,0.04508825,0.0002852035,0.0488365,0.0001438535,0.00676925,0.148932249769674,1.24073154584575,-6410076.5476543,83.0428234801049,25647202.3011487,2573.67475924632,0.0,-2490.63193576621,0.0,10759734.914729,-70.5797315034654,-43033958.1604168,-35.2898657517328,3280.01364937773,-35.2898657517328,-3280.01364937773,-3213770.96454823,126.822064400166,12871167.6942116,1857.23151473252,0.0,-1730.40945033235,0.0,1
360,0.21493,-0.001380275,0.236272,-0.00159281,0.267039,-0.00170672,0.052109,0.216233824167115,1.44161746790366,-164072.298475763,-8.40329112004343,656359.809204699,400.878534529272,0.0,-409.281825649315,0.0,293034.818815125,-3.16268637638171,-1172129.27267538,-1.58134318819086,541.3245959393,-1.58134318819086,-541.3245959393,-84168.2187285387,31.2992782092388,337652.519730574,306.189016698507,0.0,-274.889738489268,0.0,1
1341,0.164437,-0.00109633,0.1818025,-0.00251355,0.2060405,-0.00170672,0.0416035,0.224593936203953,1.39575595289511,-186319.780108051,27.2363861444331,746020.941162411,445.480712041625,0.0,-418.244325897192,0.0,493528.573184672,91.9773339700411,-1965654.46277445,45.9886669850206,701.008998297178,45.9886669850206,-701.008998297178,-232837.740742341,17.2005854776042,931646.823110137,491.209560964697,0.0,-474.008975487093,0.0,1
498,0.2224275,-0.000569356,0.23716,-0.002219245,0.2602525,-0.001951075,0.037825,0.156729095881329,1.56745291023247,-99984.3969883037,3.30813585127351,399948.531716025,317.861488662416,0.0,-314.553352811142,0.0,166186.297341821,26.0371170844934,-664067.257901214,13.0185585422467,407.451609980011,13.0185585422467,-407.451609980011,-76280.7607844244,-17.6501255701537,305434.57007034,-285.155738819398,0.0,267.505613249244,0.0,1
499,0.276986,-0.002219245,0.284131,-0.002362975,0.3176615,-0.002836535,0.0406755000000001,0.136805418336073,4.69286214135755,-21632.2861018269,2.00844628513144,86533.178263788,148.086834507564,0.0,-146.078388222432,0.0,63526.3409324054,12.5414210748843,-253948.076487044,6.27071053744213,251.966305528658,6.27071053744213,-251.966305528658,-83903.9836493803,-15.9220753840712,335869.447082057,-297.732260850089,0.0,281.810185466018,0.0,1
1413,0.41026,-0.004006965,0.4409215,-0.003380995,0.4500465,-0.00300965,0.0397865,0.0924937798331176,0.297604487712606,-38074.61199294,1.17572534977005,152299.830301858,-194.540191626552,0.0,195.715916976322,0.0,53038.6662275848,-21.4281215314401,-211695.500517973,-10.7140607657201,230.051896600513,-10.7140607657201,-230.051896600513,-60445.0859537176,14.9686435884237,242004.404105748,-238.485393875089,0.0,253.454037463513,0.0,0
744,0.03517985,0.000391006,0.0382744,0.000569356,0.04088425,0.000391006,0.0057044,0.149989285352748,0.843369795285258,-10472706.9683837,39.8300444827389,41892414.3059782,3256.13250203078,0.0,-3216.30245754804,0.0,16965603.0506586,-170.069907113555,-67833488.4293286,-85.0349535567775,4118.05440801019,-85.0349535567775,-4118.05440801019,-3786431.94879127,-42.8694512368093,15147565.5850144,1924.55895275098,0.0,-1967.42840398779,0.0,1
1412,0.02451365,0.0002852035,0.0272464,0.0002852035,0.03033345,0.0002852035,0.0058198,0.212219059895601,1.1296496203458,-17711823.8141769,-73.9064001272342,70852757.4126874,4171.75079917081,0.0,-4245.65719929804,0.0,71778433.8821584,-103.873339852892,-287102945.857901,-51.9366699264461,8472.05621230616,-51.9366699264461,-8472.05621230616,-13502149.684321,84.0811169762003,54015668.3715158,3716.80818282558,0.0,-3632.72706584938,0.0,1
84,0.130001,-0.000391006,0.1317015,-0.000507121,0.135149,-0.000849364,0.005148,0.0388308504620027,2.02734489855927,-126498.645173522,8.2790710397596,506063.123711369,359.830104593397,0.0,-351.551033553637,0.0,138929.85019018,25.5026841875133,-555069.013859952,12.7513420937566,372.51476945886,12.7513420937566,-372.51476945886,-178774.64787683,2.86292229673882,715106.787831396,424.251395586008,0.0,-421.388473289269,0.0,0
1184,0.7107055,-0.006505345,0.771094,0.00251355,0.781188,0.00300965,0.0704825,0.094487307572558,0.16715103041142,-25315.2981099566,-12.5008340842976,101417.46329263,152.98012595497,0.0,-165.480960039268,0.0,17319.234881678,-14.646595884878,-69062.416755697,-7.32329794243902,131.398646069601,-7.32329794243902,-131.398646069601,-11835.0466475844,10.0849665209175,47441.8931400655,113.948283312689,0.0,-103.863316791772,0.0,0
738,0.07804015,-0.0002358795,0.0838555,-0.000100952,0.09350765,-0.000391006,0.0154675,0.180328748022417,1.65977112297626,-471372.155802395,-10.0957523043193,1885590.54742417,681.536158657886,0.0,-691.631910962206,0.0,447219.991846761,9.09521479566203,-1788797.24445486,4.54760739783102,668.729624821359,4.54760739783102,-668.729624821359,-199330.05098105,53.7824455147242,800212.755369746,474.16428123779,0.0,-420.381835723066,0.0,1
1031,0.3362405,-0.002219245,0.3544965,-0.001826055,0.356994,-0.001826055,0.0207535,0.0598744003652445,0.136804338299739,27979.3719909462,-4.70673918093126,-111895.334570067,-2.35336959046564,167.253800083935,-2.35336959046564,-167.253800083935,31012.6921381023,-8.84621847294881,-123972.512971138,-4.4231092364744,176.048653055866,-4.4231092364744,-176.048653055866,-10383.9694842538,9.13583172818889,41619.3413583811,106.572010583842,0.0,-97.4361788556534,0.0,0
137,0.178223,-0.001484075,0.184705,-0.0007744065,0.1869055,-0.00109633,0.0086825,0.0475585992328729,0.339478556001232,-155913.026783659,13.0214654157904,623821.66569621,-388.401176993563,0.0,401.422642409353,0.0,59371.8068101419,-12.7331200424617,-237325.094894552,-6.36656002123086,243.580117668988,-6.36656002123086,-243.580117668988,-102540.323944255,40.1767638509485,411775.468130556,340.937048796071,0.0,-300.760284945122,0.0,0
891,0.6743915,-0.00498973,0.699168,-0.003191005,0.708384,-0.001484075,0.0339925000000001,0.0491656093125747,0.371965370411477,-8274.45222909737,-19.452320627242,33476.2016941745,-101.208674618507,0.0,81.7563539912647,0.0,43479.342557044,6.11183826291042,-173880.015661224,3.05591913145521,208.494613636194,3.05591913145521,-208.494613636194,-55.4933518734771,36.1356380524008,1527.75774494802,-1.47545184223425,0.0,37.611089894635,0.0,0
817,0.4349295,-0.004235795,0.448514,-0.004726645,0.4546715,-0.004235795,0.019742,0.0443839429137333,0.453273951930512,4364.12731200746,10.7535639823976,-17340.8701097063,5.37678199119881,65.8423687865692,5.37678199119881,-65.8423687865692,88403.6438413927,14.9039392430203,-353392.447960611,7.45196962151016,297.234103006625,7.45196962151016,-297.234103006625,-41469.8266101985,-16.1302769047599,166139.492273818,-211.866200933552,0.0,195.735924028792,0.0,0
1204,0.0678738,0.000188797,0.07722935,6e-05,0.0890404,-0.000507121,0.0211666,0.269785653560991,1.26246452640411,-994964.352976546,-12.4527679365931,3980012.48333547,-1003.72481546274,0.0,991.272047526143,0.0,832465.056822135,-51.501163540195,-3327207.85744255,-25.7505817700975,912.031778152843,-25.7505817700975,-912.031778152843,-399203.990669527,17.1527748710176,1597110.18036388,-623.307735716015,0.0,640.460510587033,0.0,1
748,0.399084,-0.0007028545,0.4173845,-0.000507121,0.433443,-0.00267129,0.034359,0.0825414671235887,0.877489686074155,-12551.108164509,12.4939334197454,50360.5310303331,-105.958794094033,0.0,118.452727513778,0.0,41952.9994581525,-29.5759189577881,-166937.262850412,-14.7879594788941,204.289783671634,-14.7879594788941,-204.289783671634,-26275.9046552679,26.4121084130061,105801.218091892,175.841550095233,0.0,-149.429441682227,0.0,0
412,0.329168,-0.00159281,0.335053,-0.00109633,0.341028,-0.0010101525,0.01186,0.035392631409319,1.01529311809684,-74752.4729811947,-8.53671771834747,299082.767474182,-277.710659662369,0.0,269.173941944022,0.0,46893.1238367037,-4.44908543297468,-187552.700985625,-2.22454271648734,216.536775736608,-2.22454271648734,-216.536775736608,-25403.126393972,23.3883896734931,102159.522347407,171.506211239931,0.0,-148.117821566438,0.0,0
1333,0.3868305,-0.000447714,0.3881755,-0.0006345535,0.3949625,-0.001484075,0.008132,0.0208034607626316,5.04609665427493,-19132.4647527324,-2.5358405096973,76536.2894980203,137.058043954714,0.0,-139.593884464411,0.0,1775.03207007033,17.2917029590781,-6801.12528905634,8.64585147953902,41.2344676486078,8.64585147953902,-41.2344676486078,-25236.9116902929,-33.9248034528639,102098.539050487,-176.726711766634,0.0,142.80190831377,0.0,0
658,0.699168,-0.002362975,0.717713,-0.003191005,0.7561805,-0.00759904,0.0570124999999999,0.0783489315445749,2.07427878134269,-20671.5981593087,27.8659482045517,83462.9037065736,158.382709050608,0.0,-130.516760846056,0.0,34796.6085988321,2.15303686255175,-139181.798827597,1.07651843127588,186.535384597398,1.07651843127588,-186.535384597398,-10446.4950427731,-15.3822798928673,42022.5947057948,94.8059267259775,0.0,-110.188206618845,0.0,0
828,0.0324548,0.0002852035,0.0349036,0.0002852035,0.0385609,0.000391006,0.0061061,0.171964790884269,1.49350702384841,-13557995.0427073,113.483933425187,54244858.7739747,3739.29742366007,0.0,-3625.81349023489,0.0,20359213.9899571,18.5336951008379,-81436512.4619743,9.2668475504189,4512.10905403377,9.2668475504189,-4512.10905403377,-6003379.24062654,9.94754121173787,24013615.9160823,2455.1582491749,0.0,-2445.21070796316,0.0,1
993,0.5187885,-0.003788535,0.5258035,-0.004006965,0.5275705,-0.004006965,0.0087819999999999,0.0167858258972302,0.251888809693509,-19580.1433555838,-22.3323173670099,78819.3058213159,129.207722274916,0.0,-151.540039641926,0.0,40285.3357170943,-10.6311998431558,-161028.320458272,-5.31559992157791,200.641670932456,-5.31559992157791,-200.641670932456,19739.5023077657,-1.59244424983684,-78955.4733523742,-0.796222124918421,140.495082967674,-0.796222124918421,-140.495082967674,0
834,0.0497951,0.000188797,0.05173855,2e-05,0.05607275,0.000188797,0.00627765,0.118594077427661,2.23015770922844,-2823148.02770505,-38.9104342916983,11294106.132717,1660.88002713704,0.0,-1699.79046142874,0.0,2252453.49090117,162.073969279715,-8983545.99208659,81.0369846398575,1498.62820540041,81.0369846398575,-1498.62820540041,-3437397.95234433,132.944111254439,13767265.9460945,1921.68538204649,0.0,-1788.74127079205,0.0,1
1381,0.47682,-0.00170672,0.5240415,-0.006173395,0.5735355,-0.00498973,0.0967155,0.184157649481533,1.04812426542994,-14721.5250096954,-35.0339483201695,60113.477573682,-140.107224153388,0.0,105.073275833218,0.0,186732.759294685,-23.8097756043135,-746364.131764414,-11.9048878021568,431.961841996609,-11.9048878021568,-431.961841996609,-17814.2164403901,-17.7599616062509,71572.2819978159,124.885001533262,0.0,-142.644963139513,0.0,1
1242,0.02000285,0.000391006,0.02258265,0.0002852035,0.0257445,0.000336875,0.00574165,0.251015632599484,1.22561826498178,-27953090.6941198,-234.60575017831,111867402.634496,-5405.67225124131,0.0,5171.066501063,0.0,79664379.4302175,150.391562324421,-318634900.098852,75.1957811622104,8925.17366916258,75.1957811622104,-8925.17366916258,-18661530.1108779,-247.829174641684,74707539.7433153,4197.76158470186,0.0,-4445.59075934355,0.0,1
661,0.1651065,-0.0006345535,0.174698,-0.000391006,0.176102,-0.0006345535,0.0109955,0.0644503287579295,0.146379606943647,-84808.0301380521,42.8428245406368,341067.628166828,-270.583565498395,0.0,313.426390039032,0.0,54284.5772646689,4.88789387177093,-217114.417552174,2.44394693588546,232.977690751805,2.44394693588546,-232.977690751805,-18289.8449753078,31.7851963131188,74169.6786058947,152.063151696867,0.0,-120.277955383748,0.0,0
516,0.460904,-0.00251355,0.4640485,-0.001951075,0.473598,-0.004475515,0.012694,0.0271674110916831,3.03688980760059,-58362.9406180629,-45.657884406536,235536.404880732,-265.489407092345,0.0,219.831522685809,0.0,9116.08016367067,3.32969958339272,-36453.233755367,1.66484979169636,95.463649829879,1.66484979169636,-95.463649829879,-11596.0308635095,28.49573632411,47196.130442691,122.87122021249,0.0,-94.3754838883801,0.0,0
665,0.585095,-0.00300965,0.588995,-0.003380995,0.596867,-0.004235795,0.0117720000000001,0.0199194221134015,2.01846153846156,-6271.68704849953,4.00558616217119,25102.7929145007,81.2220977272713,0.0,-77.2165115651001,0.0,28986.0579718491,10.6888925751824,-115829.979462913,5.34444628759121,170.169018524901,5.34444628759121,-170.169018524901,-28329.5123761574,-12.3761626878207,113471.218907505,162.239365133427,0.0,-174.615527821247,0.0,0
982,0.520534,-0.001826055,0.5293425,-0.00170672,0.5364865,-0.00251355,0.0159524999999999,0.0301838989877678,0.811034795935736,-31141.1616672715,16.5652952245543,124839.055674963,-168.380206204649,0.0,184.945501429203,0.0,34304.6220762347,25.3447046270595,-136576.134252306,12.6723523135297,184.781042217746,12.6723523135297,-184.781042217746,-28084.6616587661,-3.54197281460763,112351.192206484,165.823160422533,0.0,-169.365133237141,0.0,0
155,0.03435365,0.0002852035,0.0371372,0.0002852035,0.04059075,0.000336875,0.0062371,0.166446058678167,1.24069982576207,-13785800.3356789,52.2550436566055,55145931.9323033,3739.14287098535,0.0,-3686.88782732874,0.0,28086527.8752307,-20.6278938399338,-112345685.990918,-10.3139469199671,5299.66239469361,-10.3139469199671,-5299.66239469361,-7062723.55220284,-19.8244434489376,28251287.2173694,2647.68477638159,0.0,-2667.50921983053,0.0,1
1123,0.284131,-0.0006345535,0.2872405,-0.000447714,0.2903775,-0.00109633,0.0062464999999999,0.0217455442347676,1.00884386557325,-95224.8331052191,13.0787915120182,381070.387208291,315.193889975797,0.0,-302.115098463778,0.0,68866.4828616492,-15.5017799968982,-275225.626263524,-7.75088999844909,262.309753089513,-7.75088999844909,-262.309753089513,-84869.6126529612,-18.271544396579,339812.299946481,282.331335700047,0.0,-300.602880096626,0.0,0
215,0.4349295,-0.004726645,0.453125,-0.004006965,0.457778,-0.002836535,0.0228485,0.051189219313157,0.255722568767003,2855.24653921722,13.9064551772217,-11227.5966612728,6.95322758861084,52.9801770978373,6.95322758861084,-52.9801770978373,35707.6517733551,3.09935640779516,-142821.001083278,1.54967820389759,188.958329456046,1.54967820389759,-188.958329456046,-11916.3787282523,-37.4500548273112,49068.0215195778,-129.481541352541,0.0,92.0314865252295,0.0,0
172,0.04177015,0.000569356,0.0435663,0.000100952,0.0478866,0.000100952,0.00611645,0.136441483770045,2.40531136040976,-2842107.95733618,-124.959368891416,11384046.6732185,1624.53296171455,0.0,-1749.49233060596,0.0,4818106.49863613,175.36184974174,-19241674.2161997,87.6809248708697,2193.26663998017,87.6809248708697,-2193.26663998017,-4022224.83966187,1.63738436343237,16088902.039675,2006.36737269754,0.0,-2004.72998833411,0.0,1
457,0.7130345,-0.003380995,0.7153705,-0.003788535,0.72242,-0.004726645,0.0093855,0.0130766945242779,3.01776541095911,5852.16779047063,1.8335798606477,-23405.3091467772,0.916789930323842,76.4939689563451,0.916789930323842,-76.4939689563451,6250.54186401538,11.7542586609079,-24864.004859394,5.87712933045396,78.8416210820687,5.87712933045396,-78.8416210820687,-11533.6631305074,3.523439311953,46147.0671466144,109.171061831849,0.0,-105.647622519896,0.0,0
816,0.03517985,0.0002358795,0.0382744,0.000447714,0.04117865,0.0002852035,0.0059988,0.15712199689622,0.938504790680388,-11052004.7927536,225.811602333503,44259010.0507627,3439.2780762873,0.0,-3213.4664739538,0.0,34484960.9305005,-144.453892201246,-137918976.79503,-72.2269461006232,5871.94552075864,-72.2269461006232,-5871.94552075864,-7882956.01009876,4.32391898481239,31531842.7366704,2809.8230295234,0.0,-2805.49911053859,0.0,1
313,0.2425435,-0.002362975,0.248026,-0.001826055,0.267039,-0.000849364,0.0244955,0.0961394867366914,3.46794345645233,-57507.9361383093,9.39773035032461,230120.061888975,-235.155289411002,0.0,244.553019761327,0.0,134970.092239305,17.9998501599813,-539556.374351438,8.99992507999063,367.272505896997,8.99992507999063,-367.272505896997,-71986.1348803285,2.25420598931483,287949.620965956,269.431790321378,0.0,-267.177584332063,0.0,0
10,0.5293425,-0.003788535,0.5311205,-0.003380995,0.5419015,-0.004475515,0.012559,0.023447505890348,6.06355455568075,-17562.1849695941,-29.4787042410412,71117.733882107,-148.078894157108,0.0,118.600189916066,0.0,8497.99196603192,-23.519957209352,-33438.7794769979,-11.759978604676,91.4313669877547,-11.759978604676,-91.4313669877547,-29888.0497581638,-39.2464185994438,121092.480405538,-193.614933532182,0.0,154.368514932738,0.0,0
1455,0.03573485,0.0002358795,0.03913645,2e-05,0.04386885,6e-05,0.008134,0.204362360041053,1.3912276575729,-6413764.81198053,-82.2659255809631,25661826.9304338,-2574.00815367701,0.0,2491.74222809604,0.0,17642874.5255546,17.5923609057944,-70571188.6110564,8.79618045289718,4200.3329811771,8.79618045289718,-4200.3329811771,-5086436.43693127,40.8586387629768,20347415.1760866,2275.83478049522,0.0,-2234.97614173225,0.0,1
409,0.3142775,-0.00170672,0.348319,-0.002362975,0.3922355,-0.003191005,0.077958,0.220683837381619,1.29008709956964,-53116.0173594963,13.5502528049326,212647.678789063,237.343813993097,0.0,-223.793561188164,0.0,121221.143595925,1.23153849788595,-484883.057696627,0.615769248942975,348.167724558375,0.615769248942975,-348.167724558375,-41626.2333944773,-2.6597443016572,166512.007817659,202.6995422835,0.0,-205.359286585157,0.0,1
300,0.0292919,0.0002358795,0.0321868,0.0002852035,0.03517985,0.0002358795,0.00588795,0.182652091807652,1.03390445265812,-11103913.3335324,56.7166563716332,44418870.1132394,3360.73248609634,0.0,-3304.0158297247,0.0,7890236.99328062,-88.4650712747188,-31553121.9042868,-44.2325356373593,2808.60828099465,-44.2325356373593,-2808.60828099465,-5666323.30089223,98.6342693541345,22675021.9226599,2430.23197579696,0.0,-2331.59770644283,0.0,1
201,0.1572035,0.000447714,0.1585005,0.000447714,0.161119,0.0002358795,0.0039155,0.0246008372012661,2.01888974556672,-13176.6323770789,19.2808339935053,53078.2800678006,-105.553202691797,0.0,124.834036685302,0.0,102656.124178473,-53.1308802375583,-407801.606279076,-26.5654401187792,319.296729657178,-26.5654401187792,-319.296729657178,-135993.248570772,-1.76487100940747,543976.109052768,367.891244769787,0.0,-369.656115779194,0.0,0
611,0.0087,0.000507121,0.0099,0.000507121,0.01255195,0.000507121,0.00385195,0.362503205588193,2.20995833333333,-3123209.6186979,-24.7779037874672,12493452.4193077,-1779.69286034494,0.0,1754.91495655748,0.0,3356089.47664885,-17.0933590070575,-13424065.7236733,-8.54667950352868,1831.94334817382,-8.54667950352868,-1831.94334817382,-10295580.5148102,-73.7539992838168,41187761.7116512,-3245.76160771257,0.0,3172.00760842875,0.0,1
1379,0.0693862,-0.0002852035,0.07482625,-2e-05,0.0903664,-0.000100952,0.0209802,0.262658635915785,2.85661896489922,-1149404.79339698,78.7271640062691,4603817.13994041,1112.18895688252,0.0,-1033.46179287625,0.0,1054765.33713588,-51.6175199725042,-4216396.98017543,-25.8087599862521,1026.6933549234,-25.8087599862521,-1026.6933549234,-364750.144677442,13.503117144502,1459182.91288238,-597.23165992028,0.0,610.734777064782,0.0,1
508,0.1222675,-0.0007028545,0.135149,-0.0010101525,0.151462,-0.00109633,0.0291945,0.213309124518914,1.26638978379847,-482347.761123097,-20.6144390677649,1929815.99959047,684.281867551149,0.0,-704.896306618913,0.0,276895.631282451,-35.2623194240417,-1106339.09395864,-17.6311597120209,525.913275635499,-17.6311597120209,-525.913275635499,-350257.999329873,20.286429910086,1401443.53655799,602.056117449572,0.0,-581.769687539486,0.0,1
202,0.5275705,-0.003191005,0.5364865,-0.002362975,0.538286,-0.002219245,0.0107155000000001,0.020106834268966,0.201828174069096,13008.8986269362,1.508239831832,-52033.3197203546,0.754119915915998,114.054065820069,0.754119915915998,-114.054065820069,30083.4968816896,-15.102262923009,-120105.909181363,-7.5511314615045,173.281497267714,-7.5511314615045,-173.281497267714,6833.29338779797,-9.17908958179999,-27248.9178656412,-4.58954479089999,82.5362312345936,-4.58954479089999,-82.5362312345936,0
1299,0.571629,0.2739315,0.6655855,-0.01387515,0.7636035,-0.00759904,0.1919745,0.287552167880875,1.04322745100126,,,,,,,,48397.2516074791,10.2721557955187,-193483.489245229,5.13607789775938,219.93379074464,5.13607789775938,-219.93379074464,-23863.6592894333,-8.39739073895657,95525.1533289561,-158.734413998665,0.0,150.337023259708,0.0,1
748,0.191366,-0.00128119,0.2020965,-0.000849364,0.2052465,-0.00109633,0.0138805,0.0699952724636769,0.293555752294858,-66963.7591027151,20.8797300683011,268290.999538585,-248.544207612502,0.0,269.423937680803,0.0,77985.8799297713,-27.1042643340635,-311208.878573995,-13.5521321670318,278.930492494992,-13.5521321670318,-278.930492494992,-68991.6018243344,7.05351702692005,276016.159399787,266.212958855135,0.0,-259.159441828215,0.0,0
305,0.0340799,0.0002852035,0.036855,0.000391006,0.04000635,0.0002852035,0.00592645,0.159987851996828,1.1355806997946,-8982317.25032501,34.3269947038178,35930447.3438654,3014.26406889874,0.0,-2979.93707419493,0.0,22978021.4853397,-60.6813767641793,-91908403.7118728,-30.3406883820898,4793.44353549389,-30.3406883820898,-4793.44353549389,-6705661.19251141,159.381513542398,26848047.2369047,2670.44582223497,0.0,-2511.06430869257,0.0,1
252,0.2602525,-0.001826055,0.2914295,-0.00170672,0.296738,-0.00170672,0.0364855,0.131009415779982,0.170269750136318,-94942.4500789281,-11.9349450808064,379912.243229794,302.217635483084,0.0,-314.152580563891,0.0,55681.3262074631,-0.194601702492363,-222725.26696003,-0.097300851246171,235.968889347743,-0.097300851246171,-235.968889347743,-9727.53133234581,-16.6032742653621,39185.7940457141,-107.278647147272,0.0,90.6753728819103,0.0,0
86,0.329168,-0.002219245,0.335053,-0.002362975,0.3398255,-0.002082045,0.0106575,0.0318612961112477,0.810960067969402,-56301.8250331897,0.607346906042263,225207.669003023,-236.976576990954,0.0,237.583923896997,0.0,50139.9181512028,17.9282751455397,-200238.249555117,8.96413757276984,223.739943659551,8.96413757276984,-223.739943659551,-39168.1970739079,-31.7587316020768,157681.405328604,-214.42495586073,0.0,182.666224258653,0.0,0
869,0.0523943,0.000447714,0.0553948,0.000100952,0.06058125,-2e-05,0.00818695,0.144933129336392,1.72852857857024,-1885019.04297862,7.98442607041875,7540139.92297414,1376.95797398613,0.0,-1368.97354791571,0.0,3133803.64114147,36.0199433332664,-12533917.1282482,18.0099716666332,1770.16363143695,18.0099716666332,-1770.16363143695,-1504074.97094351,-5.26301983231917,6016327.58315179,1223.77865629576,0.0,-1229.04167612808,0.0,1
1035,0.413097,-0.00267129,0.415951,-0.00251355,0.4173845,-0.002362975,0.0042875,0.0103253353626782,0.502277505255798,-23586.3461575206,17.7719019257033,94661.2251281394,162.72127292122,0.0,-144.949370995517,0.0,-1775.75770616388,-7.14451785329219,7154.07496001154,-45.8631413956002,0.0,38.718623542308,0.0,-16423.1425834535,-18.7658114374681,66044.7260127207,-137.878748076299,0.0,119.112936638831,0.0,0
1031,0.2536095,-0.001951075,0.272971,-0.00170672,0.2759775,-0.00118661,0.022368,0.0844733726469872,0.155282390310669,-123544.60878374,-4.26924457736559,494196.661584223,-353.630234488972,0.0,349.360989911606,0.0,67720.7607984216,29.8431066516617,-269992.432179064,14.9215533258309,259.803980040272,14.9215533258309,-259.803980040272,-22739.6692364854,-35.7033544365245,92233.4064639618,-169.701443816668,0.0,133.998089380144,0.0,0
285,0.5621835,-0.003380995,0.5640615,-0.003191005,0.565945,-0.003191005,0.0037614999999999,0.006668566568436,1.00292864749727,-36238.5721398437,13.1777571376859,145127.941842555,-183.889428491669,0.0,197.067185629355,0.0,-19296.9145906259,8.26058011824308,77255.8955463936,-134.844433853533,0.0,143.105013971776,0.0,-11725.6600037216,-13.837507331059,47094.1166240234,-115.424648233548,0.0,101.587140902488,0.0,0
1102,0.552881,-0.004235795,0.5621835,-0.00498973,0.5697285,-0.00267129,0.0168475,0.0300148894161327,0.811072292394521,-8510.06751834987,-26.862386943822,34761.8579057191,79.7914672733701,0.0,-106.653854217192,0.0,73562.4238836446,-10.8721158475517,-294131.492631576,-5.43605792377583,271.169454691884,-5.43605792377583,-271.169454691884,-21165.5022338691,-10.1948962773601,84765.9448455824,-150.670406518304,0.0,140.475510240943,0.0,0
669,0.3557435,-0.00358003,0.3633045,-0.00300965,0.3710045,-0.00267129,0.015261,0.0419980515942251,1.01838381166511,-55075.5643732502,32.5109077335275,221359.216614659,251.499591208515,0.0,-218.988683474987,0.0,128967.682815512,-8.7184734147965,-515794.719483365,-4.35923670739825,359.094249286787,-4.35923670739825,-359.094249286787,-24323.0178165421,-2.924183160213,97300.6221133227,-157.427329785069,0.0,154.503146624856,0.0,0
153,0.04000635,0.0002852035,0.0444767,0.000447714,0.04851895,0.0001438535,0.0085126,0.192320161580926,0.904235686243803,-5203716.76775426,50.2732588500396,20817394.4715725,2306.44077790963,0.0,-2256.1675190596,0.0,6770579.61139088,-71.7811791755041,-27077165.9078797,-35.890589587752,2601.78620892838,-35.890589587752,-2601.78620892838,-3388296.72436189,52.035285055163,13555894.5683383,1866.93416482961,0.0,-1814.89887977444,0.0,1
1147,0.05173855,0.000447714,0.0553948,-2e-05,0.06712455,0.000100952,0.015386,0.258886063042273,3.20813675213675,-2128487.35481398,-0.625035941505075,8513949.80992585,1458.621151694,0.0,-1459.24618763551,0.0,6946608.16309497,102.295314264614,-27775968.3210594,51.1476571323071,2635.14555200749,51.1476571323071,-2635.14555200749,-362941.155779324,-69.3611864505441,1456575.59730312,568.762775555743,0.0,-638.123962006287,0.0,1
802,0.0847066,-0.0002358795,0.09625375,6e-05,0.1138225,-0.0002358795,0.0291159,0.293316193948394,1.52147932606747,-420854.900652299,-4.21996471550244,1683437.41071139,-650.846718390056,0.0,646.626753674554,0.0,718195.287758324,-34.2003815694663,-2871611.4849338,-17.1001907847332,847.291491302403,-17.1001907847332,-847.291491302403,-291579.172917203,-10.7865358608577,1166433.04102469,-545.40091626161,0.0,534.614380400752,0.0,1
1255,0.717713,-0.004726645,0.73192,-0.002082045,0.771094,0.000569356,0.053381,0.0717097649325937,2.75737312592385,-42729.9031778523,21.5407530082189,171383.61675157,-196.222145553796,0.0,217.762898562015,0.0,31454.2105279458,-7.69834584506733,-125757.577583033,-3.84917292253367,177.311574342337,-3.84917292253367,-177.311574342337,5407.38327077462,-27.2024834644012,-20889.5579764675,-13.6012417322006,72.2661019712345,-13.6012417322006,-72.2661019712345,0
1334,0.6547265,-0.0007028545,0.7271555,-0.00498973,0.7965605,-0.00841769,0.141834,0.195459616188941,0.958248767758775,-12704.3570744603,-9.6716178881766,50910.9684904159,107.981486372738,0.0,-117.653104260915,0.0,38317.6975852217,-33.0529962625109,-152178.289778957,-16.5264981312554,195.050179299429,-16.5264981312554,-195.050179299429,,,,,,,,1
850,0.3841525,-0.00300965,0.3881755,-0.00358003,0.397706,-0.002362975,0.0135535,0.0346699562644647,2.36900323141934,-31996.3997459544,16.0836811364744,128244.283782717,187.097895885223,0.0,-171.014214748748,0.0,47908.7626757301,20.8613976931203,-191199.85278921,10.4306988465601,218.632026924928,10.4306988465601,-218.632026924928,-42913.5565495756,0.593374617084621,171654.578291739,-206.859400154353,0.0,207.452774771437,0.0,0
218,0.5293425,-0.003380995,0.532904,-0.004475515,0.538286,-0.004726645,0.0089434999999999,0.0167539551445095,1.51116102765689,-43667.0119312229,-23.4273772517643,175216.889729788,197.580894276894,0.0,-221.008271528658,0.0,10999.3068875602,22.4948206154758,-43491.2105957183,11.2474103077379,104.272732048842,11.2474103077379,-104.272732048842,-17663.5558602647,-14.6833338908713,70869.8237352095,125.765267260872,0.0,-140.448601151744,0.0,0
394,0.7586475,0.000188797,0.7636035,0.00128119,0.7660925,0.001380275,0.0074450000000001,0.0097655993808782,0.502219531880557,-13446.3822576363,-1.16930290564349,53786.8962998304,115.375359218778,0.0,-116.544662124422,0.0,2226.99455322645,-29.274546374678,-8050.97914746263,-14.637273187339,44.8636243170975,-14.637273187339,-44.8636243170975,3651.96542662448,-35.8615592615611,-13321.8102738275,-17.9307796307805,57.7100733707458,-17.9307796307805,-57.7100733707458,0
738,0.4899055,-0.00300965,0.565945,-0.00251355,0.6655855,-0.004475515,0.17568,0.304078525925343,1.31037815872014,-38095.3105833039,-9.29186618072924,152467.581110336,-199.881419817507,0.0,190.589553636777,0.0,29238.6188937385,15.9669181664671,-116699.533099219,7.98345908323357,170.806566837475,7.98345908323357,-170.806566837475,-28488.865819805,-22.8190707038973,114476.173267009,157.762103278031,0.0,-180.581173981928,0.0,1
1343,0.4409215,-0.003191005,0.453125,-0.002836535,0.4562225,-0.00267129,0.015301,0.0341104661013171,0.253820625230464,1345.59913482157,-22.8159489247252,-4861.82901395061,-11.4079744623626,34.8634085179239,-11.4079744623626,-34.8634085179239,9681.71343442238,-17.1317911941206,-38433.3554681706,-8.56589559706029,98.0221345770568,-8.56589559706029,-98.0221345770568,-22335.174301367,-0.593763035606006,89341.0497600105,-149.746747492994,0.0,149.152984457388,0.0,0
465,0.6612225,-0.003191005,0.720063,-0.0009278895,0.7636035,-0.001484075,0.102381,0.143710179348215,0.739975017207536,-2307.73284348797,-15.1878401526622,9461.60186245469,-56.2293029329888,0.0,41.0414627803266,0.0,94423.7271133142,-19.1179990457247,-377329.410565745,-9.55899952286236,307.135723486273,-9.55899952286236,-307.135723486273,-52094.3905313298,-22.0875517098105,208865.422065853,-239.55275930296,0.0,217.465207593149,0.0,1
71,0.2779975,-0.001951075,0.2810505,-0.002082045,0.283101,-0.002362975,0.0051034999999999,0.0181911019188252,0.671634457910262,3799.3714889405,7.30820672940593,-15144.0760701623,3.65410336470297,61.5306347890265,3.65410336470297,-61.5306347890265,21900.4790078565,-26.3344854407152,-86908.4109079986,-13.1672427203576,147.401162570041,-13.1672427203576,-147.401162570041,-20017.5070170084,29.9992627982056,80969.9838364694,157.275757151519,0.0,-127.276494353313,0.0,0
745,0.1974415,-0.00159281,0.198984,-0.00170672,0.2028805,-0.00159281,0.005439,0.0271731256338649,2.5260940032415,-145841.84582108,8.86303810121447,583445.936728705,386.349683298102,0.0,-377.486645196887,0.0,85637.4625696668,17.6835611577319,-342237.141943448,8.84178057886594,292.505188818698,8.84178057886594,-292.505188818698,-153501.128551713,13.0823916216027,614175.663177392,-385.30560562357,0.0,398.387997245173,0.0,0
1029,0.5101385,-0.007217395,0.5135825,-0.006505345,0.5364865,-0.00358003,0.0263479999999999,0.0503485011345992,6.65040650406501,-39414.335318319,-4.45999110529722,157677.232793935,-200.772958657574,0.0,196.312967552277,0.0,20070.4963705546,3.94992948568708,-80266.3835392765,1.97496474284355,141.656612570042,1.97496474284355,-141.656612570042,-25884.1815805857,3.51077600157495,103549.051870476,-159.139804493019,0.0,162.650580494594,0.0,0
787,0.114338,-0.000447714,0.1249915,-0.0007028545,0.1527245,-0.000569356,0.0383865,0.287472033699977,2.60318205284648,-273458.668462416,-17.6514273917785,1094146.24673863,514.181515398181,0.0,-531.83294278996,0.0,239321.806350275,-10.9445365477287,-957167.442520854,-5.47226827386438,489.174672923909,-5.47226827386438,-489.174672923909,-147009.411564917,25.1625783548658,588670.801609134,-371.043137055157,0.0,396.205715410022,0.0,1
171,0.0166208,0.000569356,0.0188584,0.000336875,0.02187055,0.000336875,0.00524975,0.272775571654411,1.34615212727923,-37138700.5722373,-436.444343375052,148745285.953813,-6316.28100122118,0.0,5879.83665784612,0.0,59261821.3317121,146.969068560254,-237025685.419735,73.4845342801268,7697.81925969515,73.4845342801268,-7697.81925969515,-27612273.7042066,-114.78960048118,110462271.469205,-5312.44645244167,0.0,5197.65685196049,0.0,1
1263,0.7761255,-0.00555406,0.778653,-0.00555406,0.788839,-0.006853095,0.0127135,0.0162476529020307,4.03006923837783,6149.10519135317,-29.1072257595971,-23749.1901739925,-14.5536128797985,77.0538613146553,-14.5536128797985,-77.0538613146553,14239.5190044574,10.3962384490293,-56849.9942439404,5.19811922451464,119.216184140347,5.19811922451464,-119.216184140347,-55949.7983313813,-2.90825215201402,223807.651256105,-237.995692854504,0.0,235.08744070249,0.0,0
229,0.252672,-0.001826055,0.2554935,-0.001951075,0.2699915,-0.002082045,0.0173195,0.0662739984712917,5.13840155945412,-90179.4129176434,11.4901315979674,360849.674794712,306.098888312828,0.0,-294.608756714861,0.0,84870.1758940279,-2.15578171522748,-339476.056181308,-1.07789085761372,291.322869073691,-1.07789085761372,-291.322869073691,-41881.3727356286,24.5907328988095,168130.195087015,-192.723044362292,0.0,217.313777261102,0.0,0
1202,0.269004,-0.002362975,0.272971,-0.00251355,0.2759775,-0.00300965,0.0069734999999999,0.0255916943969656,0.757877489286631,-52747.6048262977,-7.87357149896483,211052.41243334,225.765419525815,0.0,-233.63899102478,0.0,51233.304591523,-29.161022833366,-204082.853113404,-14.580511416683,225.877651126336,-14.580511416683,-225.877651126336,-15218.4171219973,6.52847531474072,60916.2894779245,126.670365420465,0.0,-120.141890105724,0.0,0
293,0.04296395,0.000188797,0.0453954,6e-05,0.0494746,0.0001438535,0.00651065,0.140864390451819,1.67768204158013,-6943382.7883314,-0.493442796802526,27773531.3968114,2634.78323084177,0.0,-2635.27667363858,0.0,8410167.43827038,-25.1647186233248,-33640036.4900181,-12.5823593116624,2900.00157284518,-12.5823593116624,-2900.00157284518,-2873075.085956,51.273005778487,11494929.2649456,1720.8451379063,0.0,-1669.57213212781,0.0,1
975,0.4364205,-0.002836535,0.4394165,-0.004006965,0.457778,-0.002219245,0.0213575,0.0477690356224038,6.12867156208279,-38893.0519497007,18.0153901532901,155896.762081178,206.426515152884,0.0,-188.411124999594,0.0,37406.1861036564,30.8627162467392,-148672.237160499,15.4313581233696,192.790195005152,15.4313581233696,-192.790195005152,-75650.4889278786,-6.02869326854967,302638.300854041,-278.077203475234,0.0,272.048510206685,0.0,0
239,0.030859,0.0002852035,0.03435365,0.000391006,0.03770405,0.000188797,0.00684505,0.199671689051173,0.958722618860258,-10061174.6339629,-77.8848065293491,40250764.5789398,3133.23211033557,0.0,-3211.11691686492,0.0,64977645.7027177,-61.7150861792502,-259906774.059009,-30.8575430896252,8060.81221185261,-30.8575430896252,-8060.81221185261,-10766940.0327225,139.481041230293,43087215.0917527,3351.78314266291,0.0,-3212.30210143262,0.0,1
350,0.6923285,-0.00300965,0.699168,-0.001951075,0.7271555,-0.005265335,0.0348269999999998,0.0490699437260298,4.09203889173183,12140.3502001303,13.5316130841451,-48378.2962478623,6.76580654207255,109.975333879764,6.76580654207255,-109.975333879764,41799.2424700588,-4.52989150327408,-167176.449963204,-2.26494575163704,204.436084121177,-2.26494575163704,-204.436084121177,-15635.8661924674,-5.84722616662474,62577.6548237133,122.154017634288,0.0,-128.001243800912,0.0,0
642,0.233625,-0.001826055,0.236272,-0.00159281,0.250805,-0.0009278895,0.01718,0.0709287203517535,5.49036645258787,-154315.677851213,-2.85601569890389,617270.868230523,-394.260945696612,0.0,391.404929997708,0.0,111503.209233841,0.998839608362456,-446011.839254801,0.499419804181228,333.920589083243,0.499419804181228,-333.920589083243,-165361.994193811,-6.63937441945417,661492.058067924,-409.980497366031,0.0,403.341122946576,0.0,0
30,0.252672,-0.002082045,0.288283,0.0007744065,0.319935,-0.00251355,0.067263,0.234936003227344,0.888826486198087,-132794.023979143,-7.91371219020792,531238.722757201,-368.387481440039,0.0,360.473769249831,0.0,380550.874882683,-15.4160911086349,-1521965.84366566,-7.70804555431744,616.839898933602,-7.70804555431744,-616.839898933602,-63083.7633257301,2.77329753453702,252342.744482136,252.555289565705,0.0,-249.781992031168,0.0,1
1352,0.0150944,0.000507121,0.017285,0.000447714,0.0204655,0.000569356,0.0053711,0.30208746368803,1.45188532822058,-24480311.489088,-177.599605868379,97952787.5763565,-5037.35483385879,0.0,4859.7552279904,0.0,43316711.0089055,-47.6804353185764,-173264570.61171,-23.8402176592884,6581.50003061061,-23.8402176592884,-6581.50003061061,-22359623.3915911,-157.496325015024,89463298.6587576,-4808.00018208623,0.0,4650.50385707121,0.0,1
1114,0.67218,-0.00300965,0.6810675,-0.002219245,0.683306,-0.002082045,0.011126,0.0164162521781855,0.251870604781987,-19710.8229679517,25.5253974927717,79494.8377889707,153.736843351851,0.0,-128.21144585908,0.0,28232.5568215867,-17.8161131696537,-112612.813397873,-8.90805658482685,167.789163385089,-8.90805658482685,-167.789163385089,28313.6725334912,10.5535611593644,-113143.31248082,5.27678057968221,168.183911597409,5.27678057968221,-168.183911597409,0
1275,0.265085,-0.000569356,0.3010435,-0.002836535,0.342234,-0.002836535,0.077149,0.254064173852621,1.14550106372624,-60015.5474677665,-10.3432034284491,240169.171728228,239.863687442372,0.0,-250.206890870821,0.0,163607.098769664,-10.6754978057873,-654314.428825255,-5.33774890289366,404.44852231936,-5.33774890289366,-404.44852231936,-91364.2336340676,-7.37972363401915,365511.394857185,-305.977553783282,0.0,298.597830149263,0.0,1
1494,0.0188584,0.000507121,0.0211648,0.0002852035,0.0240265,0.0002852035,0.0051681,0.241021898150631,1.24076482830385,-31346663.5188783,-312.619167092491,125484384.819147,-5757.3002284935,0.0,5444.68106140101,0.0,53489205.9105507,60.9581978669718,-213953107.740316,30.4790989334858,7313.5680030392,30.4790989334858,-7313.5680030392,-23847598.6756699,-215.912607589185,95437012.9567957,-4992.54976069548,0.0,4776.63715310629,0.0,1
626,0.05472095,0.0002358795,0.059876,0.0006345535,0.0634453,-2e-05,0.00872435,0.147662297821925,0.692389016595379,-2963937.76340642,41.5237012090708,11857475.2713878,1742.4960977655,0.0,-1700.97239655643,0.0,4314695.6087434,-94.1959867411741,-17249909.5510555,-47.097993370587,2076.65052133571,-47.097993370587,-2076.65052133571,-1814167.38868726,58.8908720609879,7260137.68956116,1376.67756984793,0.0,-1317.78669778694,0.0,1
155,0.448514,-0.002082045,0.457778,-0.00251355,0.4899055,-0.004726645,0.0413915,0.0882153450562356,3.4679943868739,-29128.9858105534,-15.1146121412738,116744.394742395,-178.39670049007,0.0,163.282088348796,0.0,27340.5619388626,19.8545494042027,-108968.044623406,9.92727470210135,165.051540907232,9.92727470210135,-165.051540907232,-53363.1047552327,2.44379943209807,213458.391176595,-229.785887585914,0.0,232.229687018012,0.0,0
450,0.2699915,-0.0007744065,0.2914295,-0.00128119,0.350779,-0.00159281,0.0807875,0.260281376128537,2.76842522623379,-93866.3649392109,21.9290926084275,375946.344859472,317.536864387351,0.0,-295.607771778923,0.0,136675.333927971,-9.65574748989191,-546608.102252295,-4.82787374494595,369.664747525476,-4.82787374494595,-369.664747525476,-46240.7579477737,3.33201101729901,184974.134088514,-213.377091386202,0.0,216.709102403501,0.0,1
240,0.05438555,2e-05,0.0553948,2e-05,0.0584783,0.000391006,0.00409275,0.0725254366212034,3.05523903889026,-659529.547596423,-87.5875924981576,2645789.77674532,-857.087989137685,0.0,769.500396639527,0.0,459588.810793273,173.785707190659,-1808153.77114933,86.8928535953293,672.338042049781,86.8928535953293,-672.338042049781,-515678.563185427,-19.3836981715512,2063089.98049651,-727.864874981436,0.0,708.481176809885,0.0,0
1349,0.6634005,-0.00585653,0.6923285,-0.002362975,0.7060695,-0.004006965,0.0426690000000001,0.0623146180639226,0.475006913716819,-6043.82873653709,-6.00994530691631,24211.4343887405,-80.8050921725509,0.0,74.7951468656346,0.0,65654.2600512114,-5.19000482104798,-262590.104054803,-2.595002410524,256.21773165357,-2.595002410524,-256.21773165357,5519.77042696942,-21.7944068703209,-21604.0855370486,-10.8972034351604,73.4916415945524,-10.8972034351604,-73.4916415945524,0
1079,0.610875,-0.004475515,0.683306,0.00251355,0.741536,-0.002836535,0.130661,0.193226763165931,0.80393754055584,-40121.479428711,-17.6285037095806,160796.681857883,-209.311559728165,0.0,191.683056018584,0.0,146418.248945125,-17.1807057174292,-585377.819131552,-8.59035285871459,382.549937632838,-8.59035285871459,-382.549937632838,-28693.425832961,39.6126133857001,116342.862471089,190.351654380121,0.0,-150.739040994421,0.0,1
180,0.1380695,-0.0009278895,0.1446545,-0.001380275,0.145875,-0.001484075,0.0078054999999999,0.0549790540052721,0.185345482156414,-233232.406690887,-18.386805791456,933267.70139076,473.835504466647,0.0,-492.222310258103,0.0,144739.685729488,21.8615883400493,-578480.813873203,10.9307941700246,380.289631029168,10.9307941700246,-380.289631029168,-102820.716399147,18.5900785902967,411628.456618583,-311.496347987375,0.0,330.086426577672,0.0,0
832,0.286201,-0.001484075,0.2924845,-0.001380275,0.296738,-0.001826055,0.010537,0.0361512954185602,0.676931646375417,-66758.5762846086,51.5920513248087,269696.044898336,285.457365150176,0.0,-233.865313825368,0.0,65263.3109646517,-9.39734408357778,-260964.933782782,-4.6986720417889,255.423635252683,-4.6986720417889,-255.423635252683,-40392.7394849909,4.21646534140026,161588.736519939,203.098740232587,0.0,-198.882274891186,0.0,0
548,0.1339925,-0.000507121,0.149583,-2e-05,0.16244,-0.00159281,0.0284475,0.191932396076678,0.82466886886245,-514550.288230214,8.12093304083947,2058267.10247431,721.393566006689,0.0,-713.272632965849,0.0,1469393.05953701,-19.2766062930938,-5877200.65059786,-9.63830314654692,1212.14692288083,-9.63830314654692,-1212.14692288083,-402951.265822303,4.18028198119652,1611822.53804666,636.878006747076,0.0,-632.697724765879,0.0,1
1180,0.1033415,-0.000336875,0.117994,-6e-05,0.136896,-0.000849364,0.0335545,0.279344398772049,1.29001876812831,-381112.227801259,-17.2661712404138,1524747.03187434,-626.036323357575,0.0,608.770152117161,0.0,315108.787912049,-14.4793563063049,-1260225.49988915,-7.23967815315248,561.298828586243,-7.23967815315248,-561.298828586243,-254129.433091236,5.30383039054152,1016545.86298175,506.771410697516,0.0,-501.467580306975,0.0,1
345,0.683306,-0.00585653,0.717713,-0.00841769,0.724784,-0.005265335,0.041478,0.0589138478364309,0.205510506582964,-27635.6296660839,-8.7167900973368,110618.501093937,161.938403698283,0.0,-170.65519379562,0.0,20205.1849677341,15.2432362649551,-80588.3836191073,7.62161813247753,141.940466058051,7.62161813247753,-141.940466058051,-4581.35854208662,-28.5775409649574,19142.1100159503,-83.4662776939097,0.0,54.8887367289522,0.0,0
1105,0.4866045,-0.004235795,0.493227,-0.004235795,0.496568,-0.004475515,0.0099635,0.0202680607929941,0.504492261230661,-32215.3626053429,7.23374668120757,128913.777512419,-175.905950774061,0.0,183.139697455269,0.0,21137.2944617474,26.6392989168432,-83839.5256002085,13.3196494584216,144.775278967274,13.3196494584216,-144.775278967274,-13095.4290205805,-13.2774603415857,52558.0070354444,-121.266395936354,0.0,107.988935594768,0.0,0
6,0.06164715,6e-05,0.0667516,0.000391006,0.0800888,-0.000391006,0.01844165,0.26022544033465,2.6128574087316,-1717001.68821602,14.5037935358411,6868217.11289101,1317.61607447683,0.0,-1303.11228094099,0.0,1777392.03524933,1.7519172287144,-7109565.07178334,0.875958614357245,1333.18838426752,0.875958614357245,-1333.18838426752,-216944.030014231,-54.8101578793529,870780.273463684,-493.983119963813,0.0,439.17296208446,0.0,1
14,0.0825885,-0.000188797,0.0917045,-0.00128119,0.106268,-0.000507121,0.0236795,0.250767116832092,1.59757569109259,-542972.999966872,-34.9126408747533,2173110.89236034,719.617436448652,0.0,-754.530077323405,0.0,1730039.85092296,45.3297849329178,-6918104.61428977,22.6648924664589,1315.1145020767,22.6648924664589,-1315.1145020767,-552867.510445639,24.8878331311686,2212089.44602052,-731.21081615998,0.0,756.098649291149,0.0,1
648,0.0321868,0.000336875,0.03517985,0.000391006,0.0385609,0.000336875,0.0063740999999999,0.180192430283953,1.12963365129216,-12305715.6193564,87.2745067697156,49230479.3169574,3551.8590008289,0.0,-3464.58449405919,0.0,44572901.4164344,-18.2961673646913,-178291270.915997,-9.14808368234571,6676.28772065729,-9.14808368234571,-6676.28772065729,-10396043.3058107,-3.0334014087091,41584182.4247671,3222.77323759086,0.0,-3225.80663899957,0.0,1
237,0.3736025,-0.00170672,0.3775285,-0.002362975,0.3801665,-0.002362975,0.006564,0.0174164764005949,0.671930718288297,-17091.5046734972,-25.2799214490333,69005.0931224581,-143.984063297166,0.0,118.704141848132,0.0,31919.74574447,-15.4914204509968,-127438.99887029,-7.74571022549841,178.492996270365,-7.74571022549841,-178.492996270365,-11113.2636857102,-33.6511958809055,45585.4577270559,89.9281581141422,0.0,-123.579353995048,0.0,0
848,0.0292919,0.000336875,0.0321868,0.000447714,0.03435365,0.000336875,0.00506175,0.159060609893386,0.748505993298558,-16071347.6231117,47.584888000285,64287654.8140126,4032.77157883025,0.0,-3985.18669082996,0.0,19221470.1561745,-153.671732335346,-76862265.6233792,-76.8358661676731,4383.5563650813,-76.8358661676731,-4383.5563650813,-8958349.40379007,-12.9034801602641,35833564.1149605,2986.60539748676,0.0,-2999.50887764703,0.0,1
1329,0.04632255,0.000100952,0.04851895,0.0001438535,0.05206595,0.000100952,0.0057434,0.116749416852579,1.6149153159716,-3300072.48091172,216.644526779133,13247224.7746302,1928.1591224672,0.0,-1711.51459568807,0.0,3703776.35345274,-3.84387304618235,-14815090.638451,-1.92193652309119,1924.51881248606,-1.92193652309119,-1924.51881248606,-2621630.23869693,24.2182820554139,10487107.4799734,1631.29933059574,0.0,-1607.08104854032,0.0,1
521,0.01487895,0.000507121,0.0184054,0.000391006,0.02187055,0.000336875,0.0069916,0.380500414971632,0.982617079499213,-13896624.3845962,-45.5985468215797,55588576.7658569,-3750.6866364442,0.0,3705.08808962263,0.0,24547061.2794495,-74.4326242815978,-98182704.9022404,-37.2163121407989,4954.35931534645,-37.2163121407989,-4954.35931534645,-24919350.0834529,-91.8181453794336,99685830.9056327,-5038.04866673235,0.0,4946.23052135292,0.0,1
963,0.195146,-0.001826055,0.196674,-0.002082045,0.200535,-0.00170672,0.005389,0.0272391143370544,2.52683246073292,-39467.016334172,20.5225013489243,158289.238398305,209.189151180088,0.0,-188.666649831164,0.0,48276.9333272244,68.4917164304165,-188416.618089313,34.2458582152083,217.034915445253,34.2458582152083,-217.034915445253,-76147.3364826512,41.0695281585335,306276.052073769,-256.176300062452,0.0,297.245828220985,0.0,0
582,0.6149315,-0.004006965,0.625183,-0.006173395,0.6923285,-0.006505345,0.077397,0.11841102764561,6.54982197727156,-10102.1636374664,20.7604177222583,40839.6494938683,111.424319889269,0.0,-90.6639021670108,0.0,51812.5951493119,-4.20434008677031,-207232.704121682,-2.10217004338515,227.614094533754,-2.10217004338515,-227.614094533754,-26983.1589955219,-1.34952270253511,107934.457193612,163.592138231098,0.0,-164.941660933633,0.0,0
1330,0.04296395,0.0002358795,0.0453954,0.0002852035,0.04915505,0.000100952,0.0061910999999999,0.134415267208719,1.54625840547821,-6145524.19099507,120.662888711061,24596656.2966924,2540.082253242,0.0,-2419.41936453094,0.0,11540806.7166631,-36.3080826766278,-46161908.5897847,-18.1540413383138,3397.12777908724,-18.1540413383138,-3397.12777908724,-3401563.63686484,38.136029276628,13607708.9041883,1863.49942459833,0.0,-1825.3633953217,0.0,1
901,0.276986,-0.002219245,0.2872405,-0.00159281,0.2893285,-0.00170672,0.0123425,0.0435888538965541,0.203617923838312,-31215.4073208406,16.2139440558823,125124.521265209,184.971695238372,0.0,-168.75775118249,0.0,26915.1758652513,-22.74416799122,-107143.406283392,-11.37208399561,163.663837089469,-11.37208399561,-163.663837089469,-20685.866437258,3.72584255022301,82757.3476517412,145.700805411855,0.0,-141.974962861632,0.0,0
1466,0.07207735,0.0001438535,0.0800888,2e-05,0.0903664,-0.000336875,0.01828905,0.225173944827055,1.28286390104164,-265734.543947826,-37.5654332073353,1064349.33756336,497.053821837377,0.0,-534.619255044712,0.0,614682.396850365,3.61493967097452,-2458716.51961264,1.80746983548726,784.014751074978,1.80746983548726,-784.014751074978,-327067.667701418,-19.7149301110747,1308659.34927496,562.125784103684,0.0,-581.840714214758,0.0,1
909,0.3446565,-0.002362975,0.350779,-0.002836535,0.3532535,-0.003191005,0.0085969999999999,0.0246364144373915,0.404164965291956,-58017.8345606339,9.82491922707315,232167.867280354,245.831464302018,0.0,-236.006545074945,0.0,25941.0314246557,-17.4031429038214,-103461.256315692,-8.70157145191069,160.82696937679,-8.70157145191069,-160.82696937679,-11249.4816665417,-4.79048782773781,45020.8754397946,103.695372353305,0.0,-108.485860181042,0.0,0
168,0.070917,0.000188797,0.07722935,0.000100952,0.0855629,-0.0001438535,0.0146459,0.187192093041982,1.3201977076683,-1168713.34277087,72.230709679973,4680070.64650434,1117.78890153792,0.0,-1045.55819185795,0.0,487421.933178994,20.5730881415527,-1949264.48076029,10.2865440707763,698.080310702195,10.2865440707763,-698.080310702195,-578286.677584349,-36.9367130082086,2314511.03110525,742.207499413718,0.0,-779.144212421927,0.0,1
953,0.183249,-0.0010101525,0.1876435,-0.001380275,0.191366,-0.00159281,0.0081169999999999,0.043335157428293,0.847081579246773,-194916.401318076,-31.6383944580323,780666.593276185,-457.595892312682,0.0,425.95749785465,0.0,60337.251033888,15.2764478437436,-241115.634276829,7.63822392187176,245.517633927193,7.63822392187176,-245.517633927193,-134318.358514613,21.7260437364046,537745.455034889,377.518669252396,0.0,-355.792625515992,0.0,0
1122,0.2820745,-0.00118661,0.2872405,-0.00170672,0.2903775,-0.00251355,0.008303,0.0290085456946609,0.607239643825009,-65858.8650787889,13.4187909247277,263615.524265037,263.426907654772,0.0,-250.008116730044,0.0,100590.851619111,44.3671817884041,-400394.959656598,22.183590894202,316.383849009632,22.183590894202,-316.383849009632,-56408.2057921266,31.5780547482517,226629.99671019,253.817385301385,0.0,-222.239330553134,0.0,0
610,0.2749725,-0.00170672,0.3032155,-0.00267129,0.3338685,-0.001826055,0.058896,0.19346923088294,1.08533087844776,-89957.4922745441,11.4433672053945,359960.919751174,305.705399723745,0.0,-294.262032518351,0.0,78097.0127832135,-1.04864854713569,-312386.951469078,-0.524324273567842,279.457935774366,-0.524324273567842,-279.457935774366,-65781.9456565526,-8.5206237676821,263200.383655601,-260.775605607042,0.0,252.25498183936,0.0,1
1208,0.446986,-0.003788535,0.5153125,-0.00498973,0.606842,-0.0002852035,0.159856,0.30338157650015,1.33959005656663,-24685.4737129872,51.4514594637364,101389.147532897,184.934042590288,0.0,-133.482583126551,0.0,62031.295209825,26.501306432006,-247422.861596697,13.250653216003,248.708092749662,13.250653216003,-248.708092749662,-32334.6856902235,-4.14572527254792,129355.929798929,177.757564293466,0.0,-181.903289566013,0.0,1
198,0.112284,-0.0006345535,0.1249915,0.000188797,0.135149,-0.000100952,0.022865,0.184817708228086,0.799331103678932,-388976.649145038,-8.8484483260289,1555984.89161793,619.271393028964,0.0,-628.119841354993,0.0,619665.841952234,-9.22031436204818,-2478578.353612,-4.61015718102409,787.175068458726,-4.61015718102409,-787.175068458726,-310463.756952919,15.0174976355854,1242080.55304691,564.752087281096,0.0,-549.734589645511,0.0,1
148,0.6590505,-0.00170672,0.67218,-0.00358003,0.6743915,-0.004235795,0.0153409999999999,0.0230096247155856,0.168437488099312,-6095.40049126127,20.1893900827493,24789.2134369585,88.8176482331828,0.0,-68.6282581504336,0.0,2890.20067165655,21.6821409182858,-11090.6874518258,10.8410704591429,52.6561664286003,10.8410704591429,-52.6561664286003,-4439.73355823295,2.82110084881796,17766.892842931,-65.2357038644312,0.0,68.0568047132492,0.0,0
1142,0.0349036,0.000336875,0.0385609,0.0002852035,0.04177015,0.0002852035,0.00686655,0.179110843019938,0.877491592158152,-1784309.37073115,-76.0588849543901,7143022.43690511,1298.29222883787,0.0,-1374.35111379226,0.0,3917252.89683763,3.4749092314301,-15668999.5123564,1.73745461571505,1979.20435480753,1.73745461571505,-1979.20435480753,-2770882.05715306,-135.886428448437,11101993.3500487,1598.03948001728,0.0,-1733.92590846572,0.0,1
556,0.4562225,-0.003788535,0.4593385,-0.004235795,0.4640485,-0.002836535,0.007826,0.0170080335031746,1.51155327342746,-12993.2017351366,33.7814975223568,53113.9965153995,132.12311890451,0.0,-98.3416213821536,0.0,6150.9177105975,-28.4834534965193,-23792.3637193016,-14.2417267482597,77.123867445982,-14.2417267482597,-77.123867445982,308.662413454262,-20.9699522227768,-794.910757591504,-10.4849761113884,14.0970808821499,-10.4849761113884,-14.0970808821499,0
137,0.1869055,-0.00109633,0.2028805,-0.0009278895,0.2434505,-0.001380275,0.056545,0.262782440584075,2.539593114241,-102540.323944255,40.1767638509485,411775.468130556,340.937048796071,0.0,-300.760284945122,0.0,201996.401796193,-3.37291921246766,-807974.230600759,-1.68645960623383,449.436934007642,-1.68645960623383,-449.436934007642,-70986.4582109855,8.56761579596643,284019.236884369,270.751083977228,0.0,-262.183468181261,0.0,1
1012,0.7761255,-0.004006965,0.778653,-0.00555406,0.781188,-0.005265335,0.0050624999999999,0.0065015810882008,1.00296735905042,-3042.32642045754,21.0697849373923,12613.2415191381,66.6892367332723,0.0,-45.61945179588,0.0,-3736.81893710771,-4.20949737655631,14964.9956165941,-63.2704981249402,0.0,59.0610007483839,0.0,-6166.83780830741,4.34389766198024,24686.2206801274,-76.3872974105049,0.0,80.7311950724852,0.0,0
321,0.2076345,-0.000507121,0.2310015,-0.00300965,0.2641125,-0.00170672,0.056478,0.239441904241044,1.41699833097959,-48304.6520318016,-8.88822204791073,193297.608618379,-224.272230596031,0.0,215.38400854812,0.0,147101.881729092,39.661433402059,-586834.497616863,19.8307167010295,383.025618469856,19.8307167010295,-383.025618469856,-136371.443835043,24.766537003637,546099.156695326,381.875878947321,0.0,-357.109341943684,0.0,1
642,0.0990503,-0.000507121,0.1092485,-0.000507121,0.126093,-0.000507121,0.0270427,0.240226557929994,1.65171304740052,-233133.725470306,-27.1185896683449,933270.319786823,469.470290125906,0.0,-496.588879794251,0.0,239196.949400405,-13.5868176378188,-956603.195988095,-6.7934088189094,489.030468372906,-6.7934088189094,-489.030468372906,-276088.533807164,12.6657079555132,1104514.55538667,531.812291107952,0.0,-519.146583152439,0.0,1
893,0.736714,0.000100952,0.748825,-0.0009278895,0.7537215,0.0009278895,0.0170074999999998,0.0228221885482463,0.404301874329124,-1109.96737263798,-6.63423780729623,4483.88260183567,30.1637808820344,0.0,-36.7980186893307,0.0,26713.4432202008,1.06807723646068,-106852.63209182,0.53403861823034,163.441604320794,0.53403861823034,-163.441604320794,-3484.63857442188,-18.8843116882271,14295.1715256256,-69.2233642745761,0.0,50.339052586349,0.0,0
1419,0.284131,-0.00170672,0.3076,-0.001380275,0.325679,-0.002362975,0.041548,0.136265394139158,0.770335335975118,-52100.1614090146,-15.7423082268503,208648.465904368,220.519118175243,0.0,-236.261426402093,0.0,52253.4528920631,-5.74355059365543,-208980.82319483,-2.87177529682771,228.572101969395,-2.87177529682771,-228.572101969395,-60673.0402848317,-3.46888646112289,242704.194312607,244.59064395739,0.0,-248.059530418513,0.0,1
460,0.585095,-0.00251355,0.590954,-0.003191005,0.596867,-0.002836535,0.0117720000000001,0.0199194221134015,1.00921658986175,-7675.20073958134,-12.2826136564814,30851.6655565597,-93.9645178213485,0.0,81.6819041648671,0.0,11275.3515980913,28.239320009449,-44303.9471977693,14.1196600047245,105.242514220453,14.1196600047245,-105.242514220453,-51277.8918349884,-24.5784786849602,205715.668954421,-239.068685586193,0.0,214.490206901233,0.0,0
1207,0.0274994,0.0002852035,0.03033345,0.000391006,0.03326365,0.000336875,0.00576425,0.189728790770049,1.03392671265504,-15226429.7909104,-77.0469441098815,60911655.3952383,-3940.81944350682,0.0,3863.77249939694,0.0,47172672.025259,-63.4358133148019,-188686663.998625,-31.7179066574007,6868.16321876936,-31.7179066574007,-6868.16321876936,-12890854.2279746,6.72854092007128,51563462.1851613,3593.74942337752,0.0,-3587.02088245745,0.0,1
285,0.0792656,-0.0001438535,0.0886011,0.0001438535,0.0999936,-0.000507121,0.020728,0.231262886367896,1.22034170638959,-760385.965117167,41.8777136036377,3043297.60336534,893.191343666336,0.0,-851.313630062698,0.0,807669.118477547,-30.7461151070718,-3229731.15031601,-15.3730575535359,898.572639010894,-15.3730575535359,-898.572639010894,-402864.412616353,-2.97506381330272,1611466.5014701,633.230220616095,0.0,-636.205284429397,0.0,1
664,0.1789345,-0.0006345535,0.183249,-0.000507121,0.184705,-0.0006345535,0.0057705,0.0317374762642673,0.337466682118441,-11180.6143513014,16.8856794419543,45007.5835754219,114.517793851797,0.0,-97.6321144098424,0.0,74104.822367778,1.0473598396528,-296418.192508478,0.523679919826399,272.221505629367,0.523679919826399,-272.221505629367,-112118.930564361,9.81401927111934,448572.037231698,339.784613108716,0.0,-329.970593837597,0.0,0
1274,0.01050275,0.000507121,0.01255195,0.000447714,0.0150944,0.000569356,0.00459165,0.358762596617202,1.24070368924458,-13873435.9189254,-14.5757560918371,55493956.1283672,-3732.00115990961,0.0,3717.42540381777,0.0,33406725.1168589,52.8452418697163,-133624107.847847,26.4226209348581,5779.79471624744,26.4226209348581,-5779.79471624744,-42645838.2246785,-437.451422870752,170774716.646086,-6752.76574509919,0.0,6315.31432222844,0.0,1
76,0.0362932,0.0002852035,0.03942555,0.000391006,0.04296395,0.000336875,0.00667075,0.16833181612006,1.12963110763484,-10698091.6562788,-8.81769252441512,42792444.3768167,3266.38786007773,0.0,-3275.20555260214,0.0,35421192.1686031,64.7659393402182,-141680574.047514,32.3829696701091,5951.48246337653,32.3829696701091,-5951.48246337653,-5653930.5595179,-17.5307702061715,22616029.5659756,2369.05029141474,0.0,-2386.58106162091,0.0,1
409,0.6699755,-0.006173395,0.717713,-0.00498973,0.7512695,-0.00759904,0.081294,0.114398291638669,0.702937941869603,-18827.0650428846,-2.87087969538284,75316.5021217637,-138.654700632907,0.0,135.783820937524,0.0,21753.8361257078,-15.9052720404016,-86762.3668241519,-7.9526360202008,147.277261333982,-7.9526360202008,-147.277261333982,-4405.23378124034,-8.34773685732235,17690.6198356005,-70.6769131627192,0.0,62.3291763053968,0.0,1
146,0.2249725,-0.002219245,0.227541,-0.002219245,0.2292655,-0.002082045,0.004293,0.0189019853028589,0.671403542923874,-63671.908427566,-6.84960891630132,254734.55085257,248.931367872036,0.0,-255.780976788337,0.0,47508.8550094761,26.5299053265282,-189331.58416127,13.2649526632641,217.561246641762,13.2649526632641,-217.561246641762,-7584.4764567377,-3.90421016383638,30353.1486839542,-89.0628803682658,0.0,85.1586702044294,0.0,0
675,0.02234455,0.0002852035,0.0250038,0.0002358795,0.02800765,0.0002852035,0.0056631,0.224939525979004,1.12958540941995,-22152628.5479279,-329.563023489679,88719125.9781633,-4874.32304936194,0.0,4544.76002587226,0.0,56131492.4393066,-80.3045274800349,-224519520.940093,-40.1522637400175,7491.98773590982,-40.1522637400175,-7491.98773590982,-15493394.9066865,-67.7790030150807,61978173.6199957,3902.42138623989,0.0,-3970.20038925497,0.0,1
332,0.1552725,-0.0002852035,0.1565575,-0.000391006,0.1585005,-0.000569356,0.0032279999999999,0.0205753841152679,1.51206225680931,-156475.006446607,-62.7225618441381,629834.14555072,-428.171734901901,0.0,365.449173057763,0.0,4081.00224430639,33.8802547915713,-15176.1373124838,16.9401273957856,61.5957330350159,16.9401273957856,-61.5957330350159,-90781.2913270155,13.7011361256493,363312.886439195,308.227776241875,0.0,-294.526640116226,0.0,0
63,0.0274994,0.000188797,0.03033345,0.0001438535,0.03380695,0.0002358795,0.00630755,0.205771506540513,1.22563116388208,-16092749.1706308,-195.548848536481,64409236.0346873,3914.9938232975,0.0,-4110.54267183398,0.0,50860048.4526037,-109.644790259623,-203428171.830384,-54.8223951298114,7131.41240972614,-54.8223951298114,-7131.41240972614,-9146750.33179063,138.99465607218,36606320.8415792,3094.65520993164,0.0,-2955.66055385946,0.0,1
1418,0.31653,-0.002219245,0.321077,-0.00358003,0.3222225,-0.00358003,0.0056925,0.0178238049948925,0.251924345722458,-40727.9490354168,10.7115790197014,163026.534066762,207.238511694516,0.0,-196.526932674814,0.0,30972.6710457377,14.2622312837972,-123687.272941758,7.13111564189859,175.846007163767,7.13111564189859,-175.846007163767,6458.74845127535,-41.580984386276,-24106.0155425697,-20.790492193138,77.6305602558839,-20.790492193138,-77.6305602558839,0
330,0.2052465,-0.000849364,0.2076345,-0.000849364,0.2224275,-0.00109633,0.017181,0.0803462450371077,6.19472361809045,-4242.67755764525,-15.3236740222609,17205.5252161215,-73.2467537529423,0.0,57.9230797306813,0.0,80610.9163262958,10.0583926055964,-322342.494043375,5.02919630279818,283.876070690792,5.02919630279818,-283.876070690792,-46480.8908846429,4.07516420760615,185940.17050189,217.641484261145,0.0,-213.566320053539,0.0,0
117,0.0257445,0.0002852035,0.02851905,0.0002852035,0.0321868,0.0002852035,0.0064423,0.222411718708194,1.32192607810276,-16336347.0682855,-156.211863924175,65369790.4195727,-4120.68525770119,0.0,3964.47339377701,0.0,72433456.7284602,-27.7548414902498,-289733056.582615,-13.8774207451248,8510.77341642072,-13.8774207451248,-8510.77341642072,-12151311.3252646,99.8767490692744,48615220.666063,3536.16917104191,0.0,-3436.29242197264,0.0,1
172,0.5437175,-0.002082045,0.549199,-0.003788535,0.55473,-0.00251355,0.0110125,0.0200510265624893,1.00903037489737,-5557.96745657559,32.2744883506491,23273.5124245986,92.415537982604,0.0,-60.1410496319549,0.0,15408.7359933933,-4.41538081954818,-61615.4483857917,-2.2076904097741,124.112296314458,-2.2076904097741,-124.112296314458,-21375.3939464289,-48.5101244383624,87854.8079587411,-172.456620880638,0.0,123.946496442276,0.0,0
989,0.480062,-0.003380995,0.4915635,-0.00300965,0.493227,-0.003191005,0.013165,0.0270526020534497,0.144633308698864,-25222.5884407248,1.16926899764912,100891.720952888,-158.232651204659,0.0,159.401920202308,0.0,29844.6561276712,2.8133659341203,-119370.709482806,1.40668296706015,172.750332476385,1.40668296706015,-172.750332476385,927.608824960451,6.79295567549538,-3664.29105303256,3.39647783774769,30.2666939598322,3.39647783774769,-30.2666939598322,0
281,0.0095,0.000507121,0.01111095,0.000447714,0.0136001,0.000507121,0.0041001,0.35498547625335,1.54514416958937,-4812402.28920023,-29.6566754054433,19250488.675197,-2208.59727922762,0.0,2178.94060382217,0.0,9025825.06616328,-12.218813267031,-36103150.9652555,-6.10940663351545,3004.29488254962,-6.10940663351545,-3004.29488254962,-19140359.8452081,-81.3680242222398,76568060.1361982,-4415.84287026125,0.0,4334.47484603901,0.0,1
518,0.4882525,-0.003380995,0.4915635,-0.005265335,0.494895,-0.004235795,0.0066425,0.0135127231671748,1.00619148293566,-4213.89907060486,22.9583795363796,17382.6834733559,77.4008923276578,0.0,-54.4425127912782,0.0,5037.26461002973,-3.75525389832235,-20134.956508278,-1.87762694916118,70.9488486662716,-1.87762694916118,-70.9488486662716,-6054.90904059315,-28.980512118551,25059.5062450261,64.6607171580926,0.0,-93.6412292766436,0.0,0
1216,0.08050225,-2e-05,0.0821687,2e-05,0.0834319,2e-05,0.00292965,0.0357417902249166,0.758018542410517,-693635.802252764,109.415034202649,2786514.85872062,889.35038364974,0.0,-779.935349447091,0.0,767249.731831097,39.3706226412286,-3067448.88139723,19.6853113206143,875.706697672975,19.6853113206143,-875.706697672975,-174247.493387052,-14.3375775871413,697195.539679275,-424.659968245088,0.0,410.322390657946,0.0,0
294,0.175399,-0.00109633,0.176807,-0.00109633,0.1796485,-0.0009278895,0.0042494999999999,0.0239376421464733,2.01811079545455,-17380.1807998184,0.687123554721509,69521.1953380529,132.17792313476,0.0,-131.490799580038,0.0,52412.3710720625,37.7971344410441,-208220.860916295,18.898567220522,228.156120297208,18.898567220522,-228.156120297208,-124351.584786587,-52.6984280806734,500183.463468523,-379.967462815949,0.0,327.269034735276,0.0,0
1353,0.09125715,-0.000447714,0.09811245,-0.0010101525,0.110254,-0.0006345535,0.01899685,0.188543909356877,1.77111869648302,-235275.396964168,4.68569946607089,941123.543636159,487.400460650584,0.0,-482.714761184513,0.0,746026.213956921,46.4925235221601,-2981943.30108423,23.2462617610801,863.415210238421,23.2462617610801,-863.415210238421,-715488.49345482,19.6526996926456,2862340.20242449,-836.096253354539,0.0,855.748953047184,0.0,1
1189,0.0690064,0.0001438535,0.07053255,0.000100952,0.07285685,6e-05,0.00385045,0.0542839671303175,1.52298266880713,-902217.718581053,52.2511678905578,3611601.05887014,976.336226233364,0.0,-924.085058342806,0.0,369922.919292585,-24.2208951851737,-1479105.02540677,-12.1104475925868,608.092309071322,-12.1104475925868,-608.092309071322,-617914.569844862,-3.13774211166746,2471668.12480501,-787.645859143675,0.0,784.508117032008,0.0,0
331,0.0300719,0.0002852035,0.0329932,0.0002358795,0.0362932,0.000188797,0.0062213,0.187487097887293,1.12963406702495,-16870585.8372049,-29.4737935815666,67483212.0533275,4092.6714117819,0.0,-4122.14520536346,0.0,40345127.3143705,-120.059404443059,-161366094.996887,-60.0297022215293,6351.49775637382,-60.0297022215293,-6351.49775637382,-9618066.48760646,161.711865979404,38498416.6780244,3183.21054997115,0.0,-3021.49868399174,0.0,1
1425,0.625183,-0.007217395,0.627252,-0.007217395,0.639798,-0.00555406,0.0146149999999999,0.0231070664302467,6.06379893668478,-13877.195417547,28.1008546829245,56298.4397040988,132.686888541317,0.0,-104.586033858393,0.0,8143.26601488208,-15.2765130668324,-32339.6922080472,-7.63825653341622,89.9162001644409,-7.63825653341622,-89.9162001644409,-23499.0637949959,18.1137474965311,94324.3630283519,162.618232029208,0.0,-144.504484532677,0.0,0
1234,0.0713026,-0.0001438535,0.0724665,-6e-05,0.07522375,0.000188797,0.00392115,0.0535214314694935,2.36897499785203,-219473.498226563,62.0749159833153,881747.288100589,-438.469540917994,0.0,500.544456901309,0.0,135307.925301493,-14.1710612057149,-541030.882230276,-7.08553060285747,367.774007452361,-7.08553060285747,-367.774007452361,-303496.291995148,-37.6758474227879,1215404.63745962,532.389034414662,0.0,-570.06488183745,0.0,0
611,0.0957926,-2e-05,0.108249,-0.000391006,0.1249915,-0.000447714,0.0291989,0.264501836862346,1.34408817957034,-515278.577075762,-39.1999566265641,2062650.94490257,698.49662815805,0.0,-737.696584784614,0.0,763209.507948088,-12.4782744528731,-3052682.32445903,-6.23913722643657,873.59634907362,-6.23913722643657,-873.59634907362,-207235.767587168,-31.5458259730632,829938.209484997,-471.277635652773,0.0,439.731809679709,0.0,1
709,0.445463,-0.00358003,0.494895,-0.0010101525,0.565945,-0.001951075,0.120482,0.238246088621011,1.43732804660948,-52285.3155928252,18.7684384521233,209493.516653232,238.236527851751,0.0,-219.468089399628,0.0,59971.6770646311,23.2533800994444,-239345.988572475,11.6266900497222,244.614997788604,11.6266900497222,-244.614997788604,779.616285128574,8.43750113322228,-3047.27371514117,4.21875056661114,27.6010584721907,4.21875056661114,-27.6010584721907,1
501,0.175399,-0.0002358795,0.176807,-6e-05,0.178223,-6e-05,0.0028239999999999,0.0159718569546012,1.00568181818182,-59675.5652290138,-28.7643867839084,239529.650863109,-259.091025917013,0.0,230.326639133105,0.0,19927.5987602024,5.30005627315605,-79682.3044443111,2.65002813657803,141.140271046494,2.65002813657803,-141.140271046494,-25734.3625853436,-14.3061030093083,103142.114924687,153.425679126684,0.0,-167.731782135992,0.0,0
773,0.2092385,-0.000569356,0.2380505,-0.00159281,0.26802,-0.001380275,0.0587815,0.246329819165086,1.04017423295849,-121269.444389691,-30.8753222350327,486031.063081882,333.141979381567,0.0,-364.0173016166,0.0,73020.6054631602,28.8515194152816,-291250.01168007,14.4257597076408,269.837919722224,14.4257597076408,-269.837919722224,-91849.6640765949,-9.90551897763821,367496.775612596,298.154802117864,0.0,-308.060321095502,0.0,1
1077,0.3723015,-0.002219245,0.4145215,0.0002852035,0.433443,-0.001826055,0.0611415000000001,0.15176398970145,0.448164377072478,-45137.2314729085,-4.63083829916537,180570.370554987,210.152443452616,0.0,-214.783281751781,0.0,28511.134428128,-16.5734874525243,-113769.857226173,-8.28674372626216,168.648938053411,-8.28674372626216,-168.648938053411,-92337.823965757,-13.769567308935,369540.896846903,297.064594057884,0.0,-310.834161366819,0.0,1
230,0.7153705,-0.000849364,0.73192,-0.002082045,0.736714,-0.001484075,0.0213435000000002,0.0293970495518686,0.289676425269657,2307.49385681765,15.0185391704856,-9004.41890845518,7.50926958524278,47.445808319743,7.50926958524278,-47.445808319743,25277.5877213281,-24.2753709549793,-100521.057250311,-12.1376854774896,158.525279727171,-12.1376854774896,-158.525279727171,-6477.89617394864,5.30083428242855,25939.6835398843,-77.8785893407428,0.0,83.1794236231714,0.0,0
1128,0.0371372,0.000188797,0.04059075,0.0001438535,0.0444767,6e-05,0.0073395,0.179859068124425,1.12520449971768,-7170111.97143428,-7.83832173695865,28680509.3250248,2673.79018318965,0.0,-2681.6285049266,0.0,17437107.6924367,-89.8412811811145,-69740359.3139425,-44.9206405905574,4175.53467576137,-44.9206405905574,-4175.53467576137,-4097340.17068035,-50.5312990584449,16391914.0949059,1999.08079407338,0.0,-2049.61209313182,0.0,1
1097,0.5584455,-0.000849364,0.5603115,-0.002836535,0.565945,-0.00128119,0.0074994999999999,0.0133396715820705,3.01902465166099,-21476.1405521445,-6.08390845738052,85941.5761506957,143.537014377566,0.0,-149.620922834947,0.0,-730.883199884541,13.4297194515952,3103.89016408672,34.571143415868,0.0,-21.1414239642727,0.0,-15514.6819891937,-35.4777982134289,63317.4021228476,-143.553645979694,0.0,108.075847766265,0.0,0
201,0.5293425,-0.002219245,0.5419015,-0.002082045,0.545539,-0.00267129,0.0161964999999999,0.0301363452622451,0.289632932558322,5655.07831930885,-14.4029281938105,-22412.8689366793,-7.20146409690525,74.8546406989562,-7.20146409690525,-74.8546406989562,57560.1908499063,-5.88431893621367,-230206.138190282,-2.94215946810683,239.899009059167,-2.94215946810683,-239.899009059167,-46319.084543105,28.1842346194161,186070.689253502,229.771676641082,0.0,-201.587442021666,0.0,0
955,0.02475835,0.000336875,0.02800765,0.000336875,0.0290335,0.000336875,0.00427515,0.158951588391178,0.315714153817746,-8168867.86214992,-27.2816444257786,32676215.7367223,-2871.79650974647,0.0,2844.51486532069,0.0,2125582.18931626,-82.914579214176,-8495453.92981879,-41.457289607088,1457.34809927302,-41.457289607088,-1457.34809927302,-2404011.56501056,-125.972920920247,9631915.43684744,1488.77990701014,0.0,-1614.75282793039,0.0,1
1360,0.506715,-0.00498973,0.5437175,-0.004235795,0.549199,-0.003191005,0.042484,0.0804686745322062,0.148138639281131,-42136.6938980456,32.0536701623703,169574.21336306,221.923783433425,0.0,-189.870113271055,0.0,51293.8898803699,9.85363469693056,-205078.465404739,4.92681734846529,226.427949580401,4.92681734846529,-226.427949580401,-22031.5338414477,-27.8110030521471,88899.5872565575,-162.985670610159,0.0,135.174667558011,0.0,0
147,0.2249725,-0.002362975,0.2310015,-0.002362975,0.2380505,-0.001951075,0.013078,0.0564896344242079,1.1691822856195,-136719.61573132,-2.34224071725826,546883.949016857,368.58689139259,0.0,-370.929132109848,0.0,49603.9204571863,7.24971634856443,-198363.123441611,3.62485817428222,222.68987597195,3.62485817428222,-222.68987597195,-68293.5582151048,33.0311490759919,274265.2896697,-245.336143839839,0.0,278.367292915831,0.0,0
1327,0.03942555,0.0002852035,0.04206725,0.0001438535,0.0457035,0.0002358795,0.0062779499999999,0.14749254220504,1.37648105386683,-7973144.29999545,-171.349480931934,31921937.8445974,2739.30038529167,0.0,-2910.6498662236,0.0,28606194.1586123,-140.199698901505,-114405120.678877,-70.0998494507521,5348.01647059163,-70.0998494507521,-5348.01647059163,-5090265.29920778,1.05746957916212,20361062.315073,2256.69042641726,0.0,-2255.63295683809,0.0,1
830,0.01050275,0.000507121,0.0123442,0.000447714,0.01487895,0.000507121,0.0043762,0.344831118483002,1.37649678242689,-6952402.85837192,-22.7535245022987,27810129.1563649,-2648.14225980516,0.0,2625.38873530286,0.0,15095663.7098557,-0.208066348175294,-60382654.7961313,-0.104033174087704,3885.31384820233,-0.104033174087704,-3885.31384820233,-28747720.6649332,-163.839157795183,115017725.92936,-5444.23544821562,0.0,5280.39629042044,0.0,1
746,0.04117865,0.000188797,0.04417235,0.000188797,0.0478866,-2e-05,0.00670795,0.150630015634605,1.24068877977085,-7745871.18902401,137.642019748353,31002430.0816964,2852.81230304018,0.0,-2715.17028329183,0.0,13359583.5147792,14.3301176270223,-53438128.7068455,7.16505881351145,3655.06938056056,7.16505881351145,-3655.06938056056,-2612267.46126785,61.7332665199239,10452880.8412666,1647.41239825292,0.0,-1585.67913173299,0.0,1
542,0.020931,0.000447714,0.0233013,0.000391006,0.0262421,0.000336875,0.0053111,0.225174940803127,1.24068683289035,-29944184.5627101,-211.652672561977,119821535.104643,-5578.97751052794,0.0,5367.32483796596,0.0,66363324.9462577,99.3461885956292,-265443430.119842,49.6730942978146,8146.21737556522,49.6730942978146,-8146.21737556522,-24284799.8655368,-5.82774338043816,97139233.42474,4925.04801495065,0.0,-4930.87575833109,0.0,1
1199,0.236272,-0.002836535,0.2443605,-0.001826055,0.2471055,-0.00159281,0.0108335,0.0448241798594266,0.339370711503987,-97391.0123413494,25.377790305907,390208.081606208,-299.644292967605,0.0,325.022083273512,0.0,80553.366268681,-45.8756894249244,-320108.886194512,-22.9378447124622,282.890829735833,-22.9378447124622,-282.890829735833,-23748.4245925308,-9.05364552958304,95075.6668674987,-158.698534556789,0.0,149.644889027206,0.0,0
743,0.05573325,-0.000188797,0.05882615,-0.000569356,0.06712455,2e-05,0.0113913,0.185438775560038,2.68304827184843,-1568637.76151818,15.1207108542339,6274779.68196945,1260.03587235045,0.0,-1244.91516149621,0.0,2088346.20343593,113.714513045221,-8340453.8232666,56.8572565226106,1443.99219382123,56.8572565226106,-1443.99219382123,-1191121.89341985,45.8077642210804,4766585.92494233,1114.52949615392,0.0,-1068.72173193284,0.0,1
454,0.437916,-0.00267129,0.457778,-0.002219245,0.4640485,-0.00267129,0.0261324999999999,0.0579457395496163,0.315703353136641,-36410.2528987256,17.1231386890989,145934.213473468,-182.44511474888,0.0,199.568253437979,0.0,10650.4265991184,54.8902242730578,-39588.7696757271,27.4451121365289,99.4846340845247,27.4451121365289,-99.4846340845247,-12648.6470172039,-11.5818396658555,50728.7270788612,106.824273501344,0.0,-118.406113167199,0.0,0
1213,0.123897,-0.0009278895,0.139251,-0.000100952,0.149583,-0.0007744065,0.025686,0.187845546292233,0.672919109026962,-398397.40965353,-7.54505588847111,1593646.56648248,627.426047482405,0.0,-634.971103370876,0.0,147115.642824838,-17.4603713298603,-588157.706732374,-8.73018566493016,383.457203196254,-8.73018566493016,-383.457203196254,-239668.713847364,-13.4466415749083,958855.6675591,482.882558353897,0.0,-496.329199928805,0.0,1
1339,0.306499,-0.002219245,0.3458735,-0.0007028545,0.397706,-0.003380995,0.091207,0.259035366122081,1.31639766854182,-100395.186649756,4.33135547407926,401599.507239269,319.025073699692,0.0,-314.693718225613,0.0,85842.0157632209,-27.1181045120717,-342632.671460556,-13.5590522560358,292.674166719817,-13.5590522560358,-292.674166719817,-1797.02169581298,4.30155307195395,7206.59014208274,-40.2950422866195,0.0,44.5965953585734,0.0,1
30,0.319935,-0.00251355,0.3268385,-0.002362975,0.3303375,-0.002082045,0.0104025,0.0319942793213615,0.506844354313021,-63083.7633257301,2.77329753453702,252342.744482136,252.555289565705,0.0,-249.781992031168,0.0,104150.798667588,10.3777955594729,-416495.496029676,5.18889777973645,322.682311271348,5.18889777973645,-322.682311271348,-30364.0229659545,4.94809068159229,121480.575465211,-171.79627303357,0.0,176.744363715162,0.0,0
978,0.321077,-0.001380275,0.324523,-0.00109633,0.3280015,-0.00128119,0.0069245,0.0213364022995678,1.00943122460824,21394.1463386052,-15.432415536445,-85338.4259051313,-7.7162077682225,146.063706909974,-7.7162077682225,-146.063706909974,67756.8574379609,29.6471262861368,-270148.477654817,14.8235631430684,259.879047661993,14.8235631430684,-259.879047661993,-55933.2114782034,12.2861639618089,223883.79573771,-230.438719801117,0.0,242.724883762925,0.0,0
82,0.4899055,-0.002362975,0.503312,-0.000336875,0.520534,-0.004235795,0.0306285000000001,0.0606241145560918,1.28460075336591,18146.7802212587,8.88206138264848,-72508.2298706296,4.44103069132423,134.636761204574,4.44103069132423,-134.636761204574,84295.7201289658,-27.3953094043446,-336432.377538503,-13.6976547021723,290.013955499776,-13.6976547021723,-290.013955499776,-15624.585558122,-29.2226420700222,63352.3050420404,111.238097956537,0.0,-140.460740026559,0.0,0
893,0.230132,-0.001826055,0.23716,-0.002362975,0.2398395,-0.00267129,0.0097074999999999,0.0413110156679713,0.381260671599307,-41589.5412209015,-19.6352515381346,166743.707986572,194.353691992863,0.0,-213.988943530997,0.0,167924.483689016,-21.5847507562831,-671232.033290852,-10.7923753781416,409.643757822224,-10.7923753781416,-409.643757822224,-70360.4548996434,8.83544009237283,281519.884600199,269.709957305496,0.0,-260.874517213123,0.0,0
343,0.03326365,0.000336875,0.03657365,0.000507121,0.0397155,0.0002852035,0.00645185,0.176813514544908,0.949199395770393,-6429544.91337039,11.6209464606213,25718314.6998782,2541.47186130435,0.0,-2529.85091484373,0.0,14806992.1072634,-95.8160309831533,-59218787.71726,-47.9080154915766,3847.68721822798,-47.9080154915766,-3847.68721822798,-6896952.81774159,21.8340801287076,27588287.9980214,2637.14475286943,0.0,-2615.31067274072,0.0,1
707,0.423162,-0.002362975,0.473598,-0.0010101525,0.5311205,-0.00251355,0.1079585,0.226261091448287,1.14050479816004,-81752.4949166929,-5.31592558138979,327038.238731558,283.27832326424,0.0,-288.59424884563,0.0,30338.2434065729,9.50677471915982,-121262.594860731,4.75338735957991,174.113895813007,4.75338735957991,-174.113895813007,-60732.2368046304,-19.8070043004248,243321.264637878,-256.541528738712,0.0,236.734524438288,0.0,1
603,0.460904,-0.003191005,0.47682,-0.00300965,0.5187885,-0.00498973,0.0578845,0.118168711100677,2.63687484292536,-46204.1543237362,21.7573682423084,185290.000367776,226.105309081785,0.0,-204.347940839477,0.0,88862.9394233108,-27.3665093508722,-354702.831859192,-13.6832546754361,297.784667108295,-13.6832546754361,-297.784667108295,-19842.7133753513,-13.8069406813126,79561.4851123824,-147.936697908119,0.0,134.129757226806,0.0,1
819,0.0235423,0.0002852035,0.0262421,0.0002358795,0.0295511,0.0002852035,0.0060088,0.226348284344193,1.22564634417365,-19882253.5550611,-181.682599179907,79562022.7870893,-4550.71861816861,0.0,4369.0360189887,0.0,70965896.8638418,-63.7582992951677,-283859522.334638,-31.8791496475839,8424.06556145306,-31.8791496475839,-8424.06556145306,-14582911.4683754,-13.5584954426137,58331829.7063002,3811.98461334356,0.0,-3825.54310878617,0.0,1
183,0.0321868,0.000336875,0.03517985,0.000336875,0.03884825,0.000391006,0.00666145,0.187553890649757,1.22563939793856,-11132505.1683294,73.7091355054129,44535453.7099747,3373.59900320078,0.0,-3299.88986769537,0.0,63345153.74478,-18.0764096423828,-253380288.222534,-9.03820482119144,7958.96174482788,-9.03820482119144,-7958.96174482788,-8705203.54212685,42.7162537190758,34822638.8468392,2971.89362261447,0.0,-2929.17736889539,0.0,1
965,0.433443,-0.00118661,0.4349295,-0.001380275,0.4409215,-0.002836535,0.0074784999999999,0.0171061382295369,4.03094517322584,18372.0153261066,-6.2621407515735,-73448.8468976338,-3.13107037578675,135.507238642105,-3.13107037578675,-135.507238642105,8492.64152319918,-33.6720673593105,-32836.7579725468,-16.8360336796553,90.604577661047,-16.8360336796553,-90.604577661047,-5947.31522037374,12.6237994231251,23948.6211933702,83.6886100212065,0.0,-71.0648105980814,0.0,0
548,0.0634453,-0.000100952,0.06712455,-0.000188797,0.07482625,-0.0002358795,0.01138095,0.164617377906012,2.09327988041041,-760253.382770823,36.4911908282345,3042345.13809136,890.361576532935,0.0,-853.870385704701,0.0,1044108.20549846,67.1627662728631,-4171921.98482043,33.5813831364316,1021.26416573045,33.5813831364316,-1021.26416573045,-945402.776612203,18.0550253595295,3781937.09038955,981.3876684849,0.0,-963.33264312537,0.0,1
707,0.06093545,2e-05,0.0674986,0.0002358795,0.0796766,-0.000100952,0.01874115,0.266565347706687,1.8555114541036,-1390057.21957942,-26.579772958091,5560935.36264817,-1192.3716650941,0.0,1165.79189213601,0.0,2784444.93826865,12.2663980980765,-11137629.2885523,6.13319904903818,1668.65434471555,6.13319904903818,-1668.65434471555,-572046.660251648,71.8763298533951,2293352.84779979,-721.2528360433,0.0,793.129165896695,0.0,1
212,0.3841525,-0.003191005,0.390878,-0.004006965,0.399084,-0.003788535,0.0149315,0.038127691955112,1.22013233216862,-67088.2558666116,-9.91125417062341,268451.256425681,254.105782828284,0.0,-264.017036998908,0.0,66509.9406791742,31.0957067317699,-265072.819739548,15.547853365885,257.426115487312,15.547853365885,-257.426115487312,-25279.8432010731,3.21417203850611,101129.703706185,160.61157000177,0.0,-157.397397963263,0.0,0
967,0.164437,-0.001380275,0.1789345,-0.001380275,0.1943855,-0.0009278895,0.0299485,0.166926544461398,1.06576996033799,-128583.158993816,-13.1242898584756,514504.882959551,352.082833761232,0.0,-365.207123619708,0.0,133317.771987981,-14.5727175736708,-533058.723854441,-7.28635878683539,365.054353437417,-7.28635878683539,-365.054353437417,-145803.336559078,28.8303613966742,584044.535974575,396.529213408003,0.0,-367.698852011329,0.0,1
1319,0.284131,-0.00128119,0.286201,-0.00118661,0.2903775,-0.001380275,0.0062464999999999,0.0217455442347676,2.0176328502416,-75051.3314475801,6.30321738570709,300245.056339732,-270.821499631546,0.0,277.124717017253,0.0,14812.8735084358,-9.47910513035293,-59161.640599671,-4.73955256517646,121.615830178138,-4.73955256517646,-121.615830178138,-69690.4327384112,-6.17925381909892,278799.914131406,260.917908083017,0.0,-267.097161902116,0.0,0
218,0.1891255,-0.001484075,0.2100445,-0.000849364,0.2398395,-0.00109633,0.050714,0.23644819507419,1.42430326497443,-197937.458301878,12.8169380258646,791914.107107872,451.356248844418,0.0,-438.539310818553,0.0,31108.7448474711,-20.1867064232811,-124027.476273665,-10.0933532116405,176.0876743796,-10.0933532116405,-176.0876743796,-16347.1282014097,-29.3205468281359,66248.2072719395,-143.353908913206,0.0,114.03336208507,0.0,1
661,0.137482,-0.0010101525,0.139844,-0.000849364,0.145264,-0.0002852035,0.007782,0.0550458715596331,2.29466553767993,-10407.8316314438,28.2753576031682,42430.8223733624,-88.8560374792677,0.0,117.131395082436,0.0,175011.32295849,-12.7996862742629,-699881.45986524,-6.39984313713147,418.294591127246,-6.39984313713147,-418.294591127246,-221778.451601954,-27.6404502017979,887877.800895173,-484.956564416594,0.0,457.316114214796,0.0,0
895,0.743958,0.0002358795,0.7636035,-0.0007744065,0.7685895,-0.0002358795,0.0246314999999999,0.0325695556668467,0.253798579827438,-2837.29168745262,-16.799366337208,11631.3854591422,-62.324133696964,0.0,45.524767359756,0.0,19076.6822894072,10.8577772530818,-76188.8378307514,5.42888862654089,138.011627979993,5.42888862654089,-138.011627979993,1030.21401988967,-17.8746442686552,-3801.35317182773,-8.93732213432758,30.8275573628034,-8.93732213432758,-30.8275573628034,0
581,0.1440465,-0.0010101525,0.16244,-0.000507121,0.1818025,-0.00109633,0.037756,0.231739241182265,1.05268165384511,-434497.48914258,-2.66682812221202,1737997.06854255,657.832169943124,0.0,-660.498998065337,0.0,536722.871211406,5.46007182115239,-2146861.67246133,2.73003591057618,732.608639121416,2.73003591057618,-732.608639121416,-135090.750982663,5.94803137585595,540398.383007901,-364.584953393191,0.0,370.532984769047,0.0,1
1311,0.175399,-0.0010101525,0.178223,-0.0007744065,0.1921175,-0.00109633,0.0167185,0.0909809491546638,4.92014872521248,-198657.926734739,19.4819058486631,795011.251594451,-436.07606435811,0.0,455.557970206773,0.0,418688.863690408,-67.1069283777785,-1670252.11492533,-33.5534641888893,646.191170421984,-33.5534641888893,-646.191170421984,-158417.732354343,-23.998072535118,634246.836902771,386.19904161039,0.0,-410.197114145508,0.0,0
522,0.283101,-0.001380275,0.2978095,-0.002362975,0.3010435,-0.00251355,0.0179425,0.0614317176657489,0.219872862630453,-36402.5297535494,-11.0149828169482,145731.448860655,185.366451850327,0.0,-196.381434667275,0.0,258006.73418249,-28.5970836881347,-1031209.14353449,-14.2985418440674,507.742342023613,-14.2985418440674,-507.742342023613,-58795.1347819818,3.22094700376819,235190.913627528,244.092902570223,0.0,-240.871955566455,0.0,0
1225,0.0089,0.000507121,0.0107049,0.000447714,0.0136001,0.000507121,0.0047001,0.41778480984529,1.60407778824312,-4005828.34140173,-20.4505472931761,16023731.5904915,-2011.70794847115,0.0,1991.25740117797,0.0,9312299.03332122,-23.6283659613366,-37248637.8336069,-11.8141829806684,3051.58310691381,-11.8141829806684,-3051.58310691381,-29464566.0024439,-184.717558853327,117892384.586324,-5521.27175962639,0.0,5336.55420077306,0.0,1
1128,0.288283,-0.001380275,0.294605,-0.001826055,0.29567,-0.002082045,0.007387,0.0252999813341143,0.168459348307494,-53192.1666975036,22.8720066713247,213291.795479188,242.353626893928,0.0,-219.481620222603,0.0,33800.1727833437,24.0175501722425,-134623.848417099,12.0087750861213,183.455613444437,12.0087750861213,-183.455613444437,2738.30694859775,9.89449553158407,-10855.3267525665,4.94724776579204,52.0944496865224,4.94724776579204,-52.0944496865224,0
439,0.126093,-0.000849364,0.1428365,6e-05,0.16244,-0.0006345535,0.036347,0.251943451875522,1.17081255412549,-410060.741714357,6.84904383598301,1640289.87625889,643.793531993217,0.0,-636.944488157233,0.0,411614.861281316,34.2938195943199,-1645283.3790629,17.14690979716,641.343000870614,17.14690979716,-641.343000870614,-278609.993206952,-7.39098101461576,1114494.59942817,-531.543621940054,0.0,524.152640925438,0.0,1
213,0.41026,-0.004726645,0.426077,-0.003380995,0.4349295,-0.003380995,0.0246695,0.058376257632164,0.559682619965854,-20767.3173659362,8.16069484857393,83135.8664041562,148.246801917137,0.0,-140.086107068563,0.0,27130.8278328967,-1.75653602121469,-108520.225912793,-0.878268010607346,164.712041084428,-0.878268010607346,-164.712041084428,-9305.20903414134,-15.5074661357925,37461.3176425181,89.0208989935563,0.0,-104.528365129349,0.0,0
854,0.208435,-0.0007744065,0.2141095,-0.000507121,0.230132,-0.0009278895,0.021697,0.0989449730599887,2.82359679266894,-86540.1507342391,-0.996735500651738,346161.596418615,-294.675863668443,0.0,293.679128167791,0.0,87591.4815860971,-33.5059883045912,-349243.275092121,-16.7529941522956,295.48404148622,-16.7529941522956,-295.48404148622,-61689.0330609218,-16.9378320568862,247043.022398475,240.048197264824,0.0,-256.98602932171,0.0,0
1472,0.0656394,-0.0001438535,0.0768258,-0.000188797,0.0855629,-0.0001438535,0.0199235,0.263534350998629,0.781046628048344,-936732.334177301,-52.7006442533445,3749706.69461392,-994.558292375565,0.0,941.85764812222,0.0,1234068.90330753,50.5136692443158,-4933723.98244961,25.2568346221579,1110.59938574285,25.2568346221579,-1110.59938574285,-456706.884367443,35.700148078096,1828102.03804257,693.886692507784,0.0,-658.186544429688,0.0,1
731,0.0577858,0.000100952,0.06236315,0.0001438535,0.0784474,-0.0001438535,0.0206616,0.303326942331238,3.51387811725124,-1509566.9605639,29.6755463454058,6039148.48030652,1243.57172325166,0.0,-1213.89617690625,0.0,569834.004980953,-5.74990238174522,-2279302.95854641,-2.87495119087265,754.868027960254,-2.87495119087265,-754.868027960254,-450703.50647415,-45.6014436924202,1804893.51756343,-694.532349351465,0.0,648.930905659044,0.0,1
360,0.04601255,2e-05,0.05173855,0.0007744065,0.05438555,0.0002852035,0.008373,0.166795985182987,0.462277331470486,-3440875.5173758,4.83681000231866,13763525.4642342,-1852.54287924672,0.0,1857.37968924904,0.0,6641146.59368604,-139.964944869105,-26544996.1889519,-69.9824724345525,2576.09181653876,-69.9824724345525,-2576.09181653876,-1624892.51632414,39.7138239788993,6501147.25311159,1294.72428284726,0.0,-1255.01045886836,0.0,1
1277,0.0290335,0.000188797,0.0319196,0.0002358795,0.03517985,0.0002852035,0.0061463499999999,0.191435270080131,1.12963861266069,-14020007.5624472,-7.08380122657894,56080080.4300286,3740.78982981701,0.0,-3747.87363104359,0.0,46724580.6616037,-43.2665123210796,-186896450.655326,-21.6332561605397,6835.50383394169,-21.6332561605397,-6835.50383394169,-8866445.78526517,-37.5067556466514,35467189.8977798,2958.96344458356,0.0,-2996.47020023021,0.0,1
14,0.1876435,-0.000849364,0.2013145,-0.00109633,0.2036665,-0.0009278895,0.016023,0.0818941504178272,0.172043010752688,-88453.8074734095,21.8186214379261,354291.282135089,-286.70255150056,0.0,308.521172938486,0.0,102868.374597427,9.44846910525861,-411384.224821274,4.7242345526293,320.696205473839,4.7242345526293,-320.696205473839,-49316.3604637806,17.7985063715773,197582.228684182,231.150366053746,0.0,-213.351859682168,0.0,0
478,0.6634005,-0.003788535,0.6699755,-0.00267129,0.67661,-0.003380995,0.0132094999999999,0.0197155171545296,1.00904942965778,-7119.28226248345,-17.722805748285,28791.2268935252,-93.7012916257274,0.0,75.9784858774424,0.0,20974.1105187668,-31.449547363034,-82907.3680457274,-15.724773681517,143.968197916873,-15.724773681517,-143.968197916873,-3152.18507427173,1.6157776428725,12611.3510344781,56.9580246949988,0.0,-55.3422470521263,0.0,0
873,0.549199,-0.003191005,0.55473,-0.00251355,0.5735355,-0.001951075,0.0243365,0.0433521905668704,3.40001807991325,-9634.46692242882,45.0682298871006,40569.0130348718,-78.1746396844261,0.0,123.242869571527,0.0,52291.2389006463,1.55263289341777,-209162.544933683,0.776316446708897,228.671459157939,0.776316446708897,-228.671459157939,-41380.7273925487,7.54082632487849,165579.773631857,-199.687060054851,0.0,207.227886379729,0.0,0
1233,0.5754475,-0.004235795,0.6210635,-0.004726645,0.67661,-0.006505345,0.1011625,0.161594016249254,1.21769773763591,-919.907578343983,23.2384035920846,4219.65371488454,44.0986326519107,0.0,-20.8602290598261,0.0,76817.6654547791,14.1941762313709,-307069.187180229,7.09708811568547,277.06911916534,7.09708811568547,-277.06911916534,-37380.3346485619,-11.3219616815908,149649.525410567,187.761823793616,0.0,-199.083785475207,0.0,1
1029,0.3544965,-0.00128119,0.3557435,-0.00128119,0.359507,-0.001484075,0.0050105,0.0140349452068513,3.01804330392946,-75955.0266412554,-19.651274246007,304206.279144513,-285.600127941368,0.0,265.948853695361,0.0,-31387.6856799519,-14.8922604377304,125772.522140753,169.875979330926,0.0,-184.768239768656,0.0,-24715.6362176404,17.2492490734228,99160.0814641586,166.073093459212,0.0,-148.823844385789,0.0,0
941,0.05438555,2e-05,0.0627228,-6e-05,0.0713026,-0.000188797,0.01691705,0.269190850529664,1.0290923266065,-239839.12855392,-24.87594171315,959975.326691797,-502.329623850326,0.0,477.453682137176,0.0,987753.431462476,28.4386060100418,-3950204.97153811,14.2193030050209,993.756128476463,14.2193030050209,-993.756128476463,-678561.399625529,15.2903591180809,2714479.39358408,831.429039801531,0.0,-816.13868068345,0.0,1
893,0.6923285,-0.00585653,0.699168,-0.005265335,0.717713,-0.002836535,0.0253844999999999,0.0360053232475781,2.71145551575406,-14863.9169054588,-8.20487553022139,59522.9876043018,-126.089104663897,0.0,117.884229133676,0.0,9436.60598721324,-31.2548973751531,-36769.5553389216,-15.6274486875766,95.8769463152139,-15.6274486875766,-95.8769463152139,7861.43303137102,-15.1598195662922,-31215.9119962015,-7.57990978314613,88.3401267774185,-7.57990978314613,-88.3401267774185,0
196,0.6088555,-0.004235795,0.6149315,-0.004475515,0.6169695,-0.004726645,0.0081139999999999,0.0132384312605795,0.335418038183014,-15919.9808312111,-14.3542568973573,63885.9680159199,119.201239969259,0.0,-133.555496866616,0.0,201.433190773602,-2.01178368211578,-801.685489510779,-1.00589184105788,14.1570255483874,-1.00589184105788,-14.1570255483874,-5660.36901005385,8.24816994738392,22709.5083476963,79.4724564685298,0.0,-71.2242865211458,0.0,0
1273,0.6655855,-0.006505345,0.6699755,-0.007217395,0.6788355,-0.004006965,0.0132499999999999,0.0197110875239227,2.01822323462411,-33191.5838154568,-7.75845734387291,132826.528922184,178.347641549077,0.0,-186.10609889295,0.0,10765.5225640207,30.6795007386586,-42120.8584905093,15.3397503693293,102.616834011907,15.3397503693293,-102.616834011907,-3111.03154204234,-24.5304904568008,13045.8711302206,-69.3745070215206,0.0,44.8440165647198,0.0,0
715,0.03545695,0.000100952,0.03884825,0.0002358795,0.04236525,0.000188797,0.0069082999999999,0.177540598955054,1.03706543213517,-8860581.14247413,86.6200722195973,35449827.6068078,3020.29792686481,0.0,-2933.67785464521,0.0,23969690.9085498,-60.0873993009879,-95875153.1386446,-30.043699650494,4895.79291684822,-30.043699650494,-4895.79291684822,-5073516.70447803,-81.3751099672279,20300688.7264343,2212.12672533524,0.0,-2293.50183530247,0.0,1
81,0.5754475,-0.003191005,0.5773655,-0.00267129,0.579289,-0.002362975,0.0038415,0.0066534659638801,1.00286757038576,-13591.5742375474,-31.6433617366992,55367.5992921891,-133.473284440283,0.0,101.829922703583,0.0,-9557.03836622671,-34.1663172647213,39395.4907003404,-116.324645295374,0.0,82.158328030653,0.0,-19238.2307962893,-6.48313551667853,76994.9542312849,135.498255500238,0.0,-141.981391016916,0.0,0
718,0.05607275,0.0002358795,0.059876,0.0002358795,0.0656394,-2e-05,0.00956665,0.157201232580313,1.51538815486755,-3548506.09685392,119.640863072119,14208338.3235323,1944.5179088207,0.0,-1824.87704574858,0.0,2975339.5985649,-88.1457888336344,-11893588.7141705,-44.0728944168172,1724.35413373895,-44.0728944168172,-1724.35413373895,-975659.965312904,-32.0936811401961,3903669.86562074,971.838510270365,0.0,-1003.93219141056,0.0,1
1197,0.1386595,-0.0006345535,0.1533585,-0.0007028545,0.1733025,-0.00109633,0.034643,0.222097563164744,1.35682699503367,-374867.729919916,40.6472489304503,1501123.11852528,632.925272872507,0.0,-592.278023942057,0.0,634468.223310061,47.1529456124978,-2535649.49296031,23.5764728062489,796.186142331099,23.5764728062489,-796.186142331099,-210416.590256579,-5.67594119514239,841698.577334766,455.882689863337,0.0,-461.558631058479,0.0,1
1183,0.09533285,-0.000336875,0.108748,-2e-05,0.130566,-0.000391006,0.03523315,0.311937400301064,1.62637018594649,-344944.554262597,6.10422808374543,1379815.47865089,-584.275622118034,0.0,590.37985020178,0.0,620338.558630911,21.4299795381949,-2480894.99050064,10.7149897690975,787.542854468986,10.7149897690975,-787.542854468986,-264801.271510427,-10.5195203134715,1059315.74634933,-519.875088909517,0.0,509.355568596045,0.0,1
758,0.03326365,0.0001438535,0.03657365,0.0002358795,0.0402981,0.0002358795,0.00703445,0.191252926962722,1.12521148036254,-12099551.2307348,78.2672873643238,48404330.6912105,3517.79468965986,0.0,-3439.52740229553,0.0,43652016.0350293,-97.2525385755023,-174598606.083858,-48.626269287751,6606.78829091446,-48.626269287751,-6606.78829091446,-6767053.54444462,33.4325302552842,27069331.9118578,2618.12607097609,0.0,-2584.6935407208,0.0,1
1268,0.736714,-0.005265335,0.746388,-0.00555406,0.7636035,-0.00498973,0.0268894999999999,0.0358450794581812,1.77956377920199,3303.86901139803,7.84203903784635,-13153.978469321,3.92101951892317,57.3453975252613,3.92101951892317,-57.3453975252613,17759.8546832695,-9.70510142180366,-70945.2297394706,-4.85255071090183,133.177728749471,-4.85255071090183,-133.177728749471,-19240.2882934049,-0.738065654534225,76961.69791453,138.340824351783,0.0,-139.078890006317,0.0,0
136,0.4593385,-0.003380995,0.483323,-0.004726645,0.4866045,-0.00498973,0.027266,0.0576482938189722,0.136817527986824,-65455.9572631295,32.798406156182,262899.564498904,272.767865602835,0.0,-239.969459446653,0.0,42380.4431766666,-0.0523569887561166,-169521.769965412,-0.0261784943780725,205.865107513034,-0.0261784943780725,-205.865107513034,-3278.73635351286,-5.18217022759105,13141.8003023192,54.7277606141131,0.0,-59.9099308417042,0.0,0
357,0.6149315,-0.006173395,0.6169695,-0.00585653,0.625183,-0.004475515,0.0102515000000001,0.016533150769546,4.03017664376848,-35382.0302985862,-26.2374580346501,142216.525398465,-201.676760799629,0.0,175.439302764979,0.0,-2766.49641478982,4.92664094246471,11090.2574501352,-50.1918251703268,0.0,55.1184661127915,0.0,-52302.6714956735,-2.9185023726023,209219.203638793,-230.161679922199,0.0,227.243177549596,0.0,0
1130,0.0553948,0.0001438535,0.0584783,-2e-05,0.06417225,-0.0001438535,0.00877745,0.146820549641394,1.84658667099075,-1191817.41769232,20.1048447837609,4767673.87555306,1101.80260850969,0.0,-1081.69776372593,0.0,2338990.05325693,-21.2344310802349,-9355509.31196442,-10.6172155401175,1529.33885322747,-10.6172155401175,-1529.33885322747,-1332325.08081279,8.55146007897287,5329373.45072066,1158.54751895238,0.0,-1149.9960588734,0.0,1
350,0.030859,0.000188797,0.03380695,0.0002852035,0.036855,0.0002852035,0.005996,0.177097793661577,1.03395579979307,-13317021.1941545,38.9581962814707,53269602.5176755,3668.78048736839,0.0,-3629.82229108692,0.0,53928127.6013239,-94.8388365075667,-215703516.000386,-47.4194182537832,7343.42420129032,-47.4194182537832,-7343.42420129032,-9797878.16109086,-0.401373498691896,39191512.8054641,3129.95557154928,0.0,-3130.35694504797,0.0,1
421,0.493227,-0.004006965,0.538286,-0.01138425,0.606842,-0.004235795,0.113615,0.206559770341679,1.52147184802148,-52270.084167713,-9.9724970416989,209179.787368099,223.694635774329,0.0,-233.667132816028,0.0,88086.8735328449,8.75100303343316,-352270.914077288,4.37550151671659,296.762073923408,4.37550151671659,-296.762073923408,-38519.2703497593,-11.9234672863091,154219.250471165,-202.315528151413,0.0,190.392060865104,0.0,1
1332,0.0136001,0.000507121,0.01574465,0.000447714,0.019543,0.000569356,0.0059429,0.358620648038355,1.77116411368352,-15821318.1473933,-72.3933202941179,63290513.3823966,-4013.96341369095,0.0,3941.57009339684,0.0,23209256.1524432,4.42130933001454,-92837005.0617967,2.21065466500727,4817.59808052199,2.21065466500727,-4817.59808052199,-19434474.5048339,-225.832181832111,77788898.1936866,-4522.81683225045,0.0,4296.98465041834,0.0,1
209,0.532904,-0.002082045,0.5437175,-0.00109633,0.5510375,-0.002082045,0.0181334999999999,0.0334584477114308,0.676931613261206,-57243.2508485202,35.459281378867,230230.364029986,257.641272353045,0.0,-222.181990974178,0.0,7804.38291940611,-1.61513644051887,-31214.923011903,-0.807568220259436,88.338727367875,-0.807568220259436,-88.338727367875,1455.16188186888,8.21871549163938,-5753.100243143,4.10935774581969,37.9245970418375,4.10935774581969,-37.9245970418375,0
981,0.5812185,-0.00585653,0.587042,-0.00498973,0.592919,-0.006505345,0.0117005,0.0199303744237792,1.0091869150854,7682.91009479808,-6.9771635243774,-30682.9595683464,-3.4885817621887,87.5827602447343,-3.4885817621887,-87.5827602447343,20371.1970222231,-0.63835091787173,-81484.3805969981,-0.319175458935865,142.727345485193,-0.319175458935865,-142.727345485193,1054.50507417726,13.6602230089574,-4031.4186040546,6.83011150447871,31.746726618876,6.83011150447871,-31.746726618876,0
1093,0.01111095,0.000507121,0.01296925,0.000447714,0.0159627,0.000507121,0.00485175,0.358411222720246,1.61085400634989,-5749985.54162303,-23.3784193445643,23000488.7169832,-2409.63044732716,0.0,2386.25202798259,0.0,9022749.08909237,-13.6048665502391,-36090811.2639756,-6.80243327511931,3003.78141947677,-6.80243327511931,-3003.78141947677,-10264922.6925777,-51.5007209051853,41062343.0945646,-3229.74564347677,0.0,3178.24492257158,0.0,1
72,0.0329932,0.000336875,0.0362932,2e-05,0.0402981,-6e-05,0.0073049,0.199338802831987,1.21360606060606,-1972354.87376841,-225.648263927775,7940336.63408724,1296.1060148219,0.0,-1521.75427874967,0.0,19789711.5147701,21.2224096890984,-79158395.6684073,10.6112048445493,4448.5502039543,10.6112048445493,-4448.5502039543,-6396255.54229404,86.9505009869478,25592582.558798,2572.93085194204,0.0,-2485.98035095509,0.0,1
551,0.413097,-0.00251355,0.4202645,-0.003191005,0.421711,-0.00358003,0.008614,0.0206370806221312,0.201813742588072,-22385.3729618876,19.6695705378501,89928.3838526941,159.775093269054,0.0,-140.105522731204,0.0,2538.09079391858,13.6370951072607,-9966.39281270986,6.81854755363032,49.9159113227182,6.81854755363032,-49.9159113227182,-3441.64521481706,17.6804960268444,14079.1807990235,68.1681099313767,0.0,-50.4876139045322,0.0,0
397,0.2020965,-0.000447714,0.233625,-0.00128119,0.279012,-0.00170672,0.0769155,0.319742843869938,1.43955468861506,-101539.363482776,-47.0771403448168,408373.711074148,-343.059191992874,0.0,295.982051648057,0.0,128605.397679635,-3.80257170437621,-514407.131166972,-1.90128585218812,358.610907240344,-1.90128585218812,-358.610907240344,-160769.237476467,34.9501306894367,644298.461541076,-383.865955964179,0.0,418.816086653616,0.0,1
62,0.0131789,0.000507121,0.01552725,0.000447714,0.0193141,0.000507121,0.0061352,0.377632105376543,1.61255775331616,-3897920.08031991,-26.7652666081077,15592396.7007762,-1987.74308043473,0.0,1960.97781382663,0.0,2093080.74156265,-77.7278283837055,-8366281.35094536,-38.8639141918529,1446.22624016311,-38.8639141918529,-1446.22624016311,-26576196.1289938,-318.773650569106,106406401.156272,-5317.06074761312,0.0,4998.28709704401,0.0,1
556,0.3788455,-0.00267129,0.390878,-0.003380995,0.4500465,-0.00358003,0.071201,0.171798014699141,4.9173904009973,-33968.636648061,-16.3728603381973,136142.617147898,176.301114903664,0.0,-192.673975241861,0.0,152943.013020404,-14.2259415539218,-611569.674668522,-7.11297077696091,391.014601603483,-7.11297077696091,-391.014601603483,-27392.8187734937,-26.9411210804866,110297.099099048,-179.525595919367,0.0,152.584474838881,0.0,1
646,0.646157,-0.007217395,0.6634005,-0.00759904,0.6677775,-0.00799885,0.0216205,0.0329095552327761,0.253834778322263,-5998.46759352115,-25.8786408137583,24663.5744244521,-91.4625246595905,0.0,65.5838838458322,0.0,53007.5464767658,14.6668432181758,-211815.069617077,7.33342160908791,230.116855975978,7.33342160908791,-230.116855975978,2842.62392858378,13.1285968760631,-11198.1356584009,6.56429843803153,52.9106219449388,6.56429843803153,-52.9106219449388,0
1191,0.6612225,-0.004726645,0.67218,-0.00759904,0.67661,-0.006505345,0.0153874999999999,0.0230036271356839,0.404289299566503,18120.6320648475,3.56437287684976,-72469.8235053846,1.78218643842488,134.601099090409,1.78218643842488,-134.601099090409,10977.4524035309,8.28476009724481,-43841.1723642546,4.1423800486224,104.6914184213,4.1423800486224,-104.6914184213,-393.09284392258,-24.2282009496684,2159.37709694783,-35.3486496255485,0.0,11.1204486758801,0.0,0
422,0.6334965,-0.004235795,0.6923285,0.002082045,0.748825,-0.00555406,0.1153285,0.166862050543235,0.960302216480826,-15809.0105432646,13.1053949838888,63407.7935507421,-119.351823426431,0.0,132.457218410319,0.0,69968.5019583742,-16.0147307276586,-279617.536233217,-8.0073653638293,264.394372213753,-8.0073653638293,-264.394372213753,-4240.37944377545,41.0545956672533,18646.9976005034,88.8043027483552,0.0,-47.7497070811019,0.0,1
681,0.4784385,-0.004235795,0.4882525,-0.003788535,0.493227,-0.003191005,0.0147885,0.0304394876631927,0.506877929488486,-59021.6733611082,13.5686393912124,236270.801419362,-236.254155354828,0.0,249.82279474604,0.0,34822.7626661974,1.02731807008885,-139289.995282373,0.513659035044427,186.6078744871,0.513659035044427,-186.6078744871,-13584.2024605185,-22.885825811599,54860.5708651527,-128.554580626348,0.0,105.668754814749,0.0,0
294,0.03112295,0.0002358795,0.03435365,0.0002852035,0.0382744,0.0002358795,0.00715145,0.206101529813458,1.21359148172223,-13855560.8906206,-18.3346659774564,55422579.7224588,3713.14981236774,0.0,-3731.48447834519,0.0,34163680.5391134,-104.330647158109,-136643837.272517,-52.1653235790549,5844.73774588127,-52.1653235790549,-5844.73774588127,-7429440.54674704,76.9234946169903,29723679.4110122,2764.43310679727,0.0,-2687.50961218028,0.0,1
39,0.7660925,-0.006853095,0.7761255,-0.006173395,0.781188,-0.00759904,0.0150954999999999,0.0195122991597192,0.504584869929233,4369.72588449087,27.6238561270012,-16715.8261106382,13.8119280635006,64.644849196665,13.8119280635006,-64.644849196665,31290.7719388051,1.51178648118528,-125160.802256856,0.755893240592639,176.890363118554,0.755893240592639,-176.890363118554,-175.186908397615,20.5239163484408,1121.97877586825,27.0099339912277,0.0,-6.48601764278698,0.0,0
1301,0.100943,-0.0001438535,0.1164175,-0.000336875,0.1328435,-0.000447714,0.0319005,0.272902840839826,1.06148825487092,-296542.999364455,-90.1741040916549,1194303.36650655,-591.507990175616,0.0,501.333886083961,0.0,561099.849244546,-5.96376299125154,-2244363.83050917,-2.98188149562578,749.060049413458,-2.98188149562578,-749.060049413458,-277039.63511619,-40.1212941868577,1109768.25871199,506.667047904658,0.0,-546.788342091515,0.0,1
92,0.140439,-0.0006345535,0.1520925,-0.0002852035,0.1719155,-0.00118661,0.0314765,0.201543438625024,1.70103402411293,-237654.736530466,-47.3136442516512,952857.527054235,464.415285009543,0.0,-511.728929261194,0.0,189267.110832829,-40.6004891476561,-755420.043612288,-20.3002445738281,434.574517088925,-20.3002445738281,-434.574517088925,-156854.725347421,-12.5526540637826,627576.470513731,-402.374948120671,0.0,389.822294056888,0.0,1
601,0.4982465,-0.007217395,0.5101385,-0.00498973,0.5153125,-0.004235795,0.017066,0.033675395314925,0.435082408341743,-14107.9923516352,29.0429670870499,57275.4633437603,134.182946997471,0.0,-105.139979910421,0.0,31788.0948000134,-18.2728228178286,-126818.483146322,-9.13641140891429,178.05791413633,-9.13641140891429,-178.05791413633,-45116.7107918687,3.98012304557234,180482.684546933,-210.426207008448,0.0,214.40633005402,0.0,0
575,0.1712255,-0.001380275,0.174698,-0.00128119,0.1796485,-0.00128119,0.0084229999999999,0.0480115369049858,1.42562994960403,-191595.933327406,-68.8264885987738,771120.818842462,-473.480670454659,0.0,404.654181855885,0.0,147540.963336697,-3.45296913951388,-590151.930350909,-1.72648456975694,384.106733327765,-1.72648456975694,-384.106733327765,-120154.6706442,-5.41514120648561,480648.006331085,-349.351482395692,0.0,343.936341189206,0.0,0
1023,0.5240415,-0.00358003,0.590954,-0.004006965,0.6088555,-0.00555406,0.0848139999999999,0.149729410528936,0.267535961143285,-38313.0889089436,18.3097863837591,153587.603913193,205.106165140541,0.0,-186.796378756782,0.0,69429.7081631301,2.56920445749395,-277712.231840976,1.284602228747,263.492045345289,1.284602228747,-263.492045345289,-4139.75098258402,-14.8686432978184,16780.0804838538,-72.2032966366566,0.0,57.3346533388383,0.0,0
266,0.05141215,0.000336875,0.05607275,0.0001438535,0.06712455,-0.0001438535,0.0157124,0.265106081070251,2.37132558039737,-3389095.41339017,34.8944747235751,13557599.2779269,1858.47950744336,0.0,-1823.58503271979,0.0,6765058.40659499,14.7295269292528,-27060016.6674164,7.36476346462639,2600.96216174978,7.36476346462639,-2600.96216174978,-1071336.73834181,-13.4646256590071,4285528.24951138,-1041.80818559335,0.0,1028.34355993435,0.0,1
888,0.627252,-0.00555406,0.629327,-0.00555406,0.6334965,-0.00585653,0.0062445000000001,0.0099060201142418,2.00939759036142,-35053.1162308211,2.41329019536485,140218.288892851,-186.022017834073,0.0,188.435308029438,0.0,-14429.3350034026,39.857274562048,59305.9423491247,-101.835419760786,0.0,141.692694322834,0.0,-24076.2278302656,-37.0050836208542,97674.2875348487,-174.766971172045,0.0,137.761887551191,0.0,0
968,0.267039,-0.0010101525,0.2800295,-0.002082045,0.284131,-0.001826055,0.017092,0.0620207921330987,0.315730726299992,-91037.575374828,-27.2763748168034,364894.302122459,-315.67059548842,0.0,288.394220671617,0.0,136949.541689743,39.0679846008092,-546271.859338204,19.5339923004046,369.551031434836,19.5339923004046,-369.551031434836,-99898.1052169432,-11.5402637514905,399725.598555227,310.349148837733,0.0,-321.889412589223,0.0,0
1412,0.03033345,0.0002852035,0.03326365,0.0002852035,0.0362932,0.000336875,0.00595975,0.178899884655765,1.03390553545833,-13502149.684321,84.0811169762003,54015668.3715158,3716.80818282558,0.0,-3632.72706584938,0.0,49705346.7333068,-50.8498893406097,-198818801.221981,-25.4249446703047,7050.1560483081,-25.4249446703047,-7050.1560483081,-9915768.42425669,78.6101407562929,39669253.2512565,3188.48167908305,0.0,-3109.87153832676,0.0,1
581,0.236272,-0.001380275,0.2660605,-0.001951075,0.2978095,-0.002836535,0.0615375,0.230442357580257,1.06581398861977,-141210.945134432,7.7110428782571,564903.240719998,-371.944704984432,0.0,379.655747862689,0.0,138334.502164466,-24.0295973945748,-552760.587106919,-12.0147986972874,371.739353279592,-12.0147986972874,-371.739353279592,-43114.9454015191,-6.88522791731352,172507.18796955,-211.112537135768,0.0,204.227309218455,0.0,1
684,0.0868571,-2e-05,0.09811245,-0.0002358795,0.1097505,-0.0007744065,0.0228934,0.232884181486372,1.03400160812414,-745788.673740282,7.91089848618998,2983217.27727599,867.555078306816,0.0,-859.644179820626,0.0,1022894.54547834,-73.114827666531,-4086232.40388866,-36.5574138332655,1010.7215744072,-36.5574138332655,-1010.7215744072,-386621.67143683,-13.4681416615787,1546668.07658713,615.091482798831,0.0,-628.55962446041,0.0,1
1346,0.483323,-0.002836535,0.505011,-0.003191005,0.511858,-0.00267129,0.028535,0.0573463520706284,0.315704537071187,-33853.4406849698,9.47543018631792,135503.546517095,188.791746913366,0.0,-179.316316727048,0.0,96921.9681053114,14.9295586867567,-387464.980698664,7.46477934337836,311.233425542094,7.46477934337836,-311.233425542094,-56020.9679696509,-29.7669764282783,224969.944764285,-252.038471697665,0.0,222.271495269386,0.0,0
287,0.1386595,-0.0006345535,0.1520925,-0.001380275,0.1698515,-0.0007744065,0.031192,0.202209969822794,1.32204273058885,-219716.822329624,36.397737689192,880192.084627388,487.291632758992,0.0,-450.8938950698,0.0,486612.095905336,22.1692729900792,-1945956.90695644,11.0846364950396,697.487796838847,11.0846364950396,-697.487796838847,-228981.853520671,-39.281468941467,917470.447884885,-498.564122886064,0.0,459.282653944597,0.0,1
665,0.1818025,-0.00128119,0.191366,-0.0007028545,0.1928715,-0.0006345535,0.011069,0.0590860321239265,0.157421446123283,-85340.0367855193,15.3620824523494,341596.14071935,-284.550091919898,0.0,299.912174372247,0.0,113689.861279662,-9.53685498958503,-454668.493515556,-4.76842749479253,337.145552215789,-4.76842749479253,-337.145552215789,-36761.5475922238,-11.5704917557376,147180.066648365,-197.605517648324,0.0,186.035025892586,0.0,0
1101,0.0564133,0.0002358795,0.06093545,0.000507121,0.06862775,-2e-05,0.01221445,0.195367041463583,1.70102716628152,-3128050.78938643,3.70873272815741,12512216.9122442,1770.48497450729,0.0,-1766.77624177914,0.0,6738096.89679473,-126.713593340782,-26936331.2524416,-63.3567966703909,2595.01113930372,-63.3567966703909,-2595.01113930372,-1048880.85190262,-108.863632192573,4207374.69802463,971.162486981766,0.0,-1080.02611917434,0.0,1
1029,0.1936275,-0.00159281,0.195909,-0.001951075,0.2036665,-0.00170672,0.010039,0.0505368820067758,3.40017532325226,-63122.3344184123,-3.31060330693902,252500.297767905,249.591737019579,0.0,-252.902340326518,0.0,37954.6389540467,32.3131911446459,-150774.413494236,16.156595572323,194.148405539575,16.156595572323,-194.148405539575,-136797.340208167,-46.6825930070222,549368.625322526,-393.938323381266,0.0,347.255730374244,0.0,0
89,0.3841525,-0.001951075,0.390878,-0.00251355,0.4018525,-0.00159281,0.0177,0.0450378814384132,1.63177458924987,35507.4876877865,11.0431468778373,-141907.999658181,5.52157343891862,188.353391035429,5.52157343891862,-188.353391035429,47545.8503384462,28.821073149814,-189352.747096278,14.410536574907,217.573405484378,14.410536574907,-217.573405484378,-40709.8389603093,-26.1213433195195,163521.680418053,189.128398530776,0.0,-215.249741850295,0.0,0
1499,0.656885,-0.004726645,0.6677775,-0.00300965,0.7130345,-0.00585653,0.0561495,0.0819748897654205,4.15487720908883,-4481.91477938345,0.56843370220426,17927.9822344076,-66.6634907915192,0.0,67.2319244937235,0.0,14733.4096490568,-6.94979038914676,-58885.3390097741,-3.47489519457338,121.331507665748,-3.47489519457338,-121.331507665748,-8790.43372472399,10.9644269358536,35281.9535569276,-88.4352417213612,0.0,99.3996686572147,0.0,0
852,0.5419015,-0.00759904,0.5640615,-0.00759904,0.6314085,-0.001826055,0.089507,0.152571784097979,3.03912454873647,-19172.6333135864,17.0614455143858,76981.6261773861,147.258537359552,0.0,-130.197091845166,0.0,98098.897254442,-3.24023945685901,-392385.08986603,-1.62011972842949,313.203244661526,-1.62011972842949,-313.203244661526,-31182.8255182382,-11.8743161258611,124872.30145641,170.749217654334,0.0,-182.623533780195,0.0,1
928,0.0136001,0.000507121,0.01574465,0.000447714,0.0179552,0.000447714,0.0043551,0.27602970024053,1.03077568720711,-12127134.2638334,-81.2064024087185,48515131.5351259,-3523.24341859425,0.0,3442.03701618553,0.0,16422332.3770445,45.3046552132679,-65687276.996394,22.6523276066339,4052.38439059013,22.6523276066339,-4052.38439059013,-9460871.47179104,-118.734898596253,37857583.8633088,3017.05839343353,0.0,-3135.79329202979,0.0,1
80,0.085993,-0.0002358795,0.08816315,-0.000188797,0.0957926,-0.000336875,0.0097996,0.107814920433742,3.5156325599613,-223883.073693805,21.1244708137763,895978.538042383,-462.718478874389,0.0,483.842949688165,0.0,305877.748315604,22.7254524055604,-1222994.54707538,11.3627262027802,552.945419339779,11.3627262027802,-552.945419339779,-410122.443036908,-32.8878807393599,1641571.38484716,624.175171280752,0.0,-657.063052020112,0.0,1
495,0.26802,-0.00267129,0.2872405,-0.001826055,0.3010435,-0.0007028545,0.0330235,0.116062618670851,0.718139486485785,-92487.2461820097,10.2696085830159,370054.449588487,309.295308626179,0.0,-299.025700043164,0.0,39857.9453879987,0.0271313998785292,-159431.780815882,0.0135656999392648,199.644547143092,0.0135656999392648,-199.644547143092,-57320.7656037985,-30.8967450662343,230237.671270882,-255.36381142299,0.0,224.467066356756,0.0,1
1444,0.01552725,0.000507121,0.0177311,0.000391006,0.0204655,0.000447714,0.00493825,0.27440248383355,1.24073779975951,-26152838.7760661,-285.746155556647,104693005.96968,-5258.85309068103,0.0,4973.10693512438,0.0,48768539.4138938,52.5215954065861,-195071399.137591,26.2607977032928,6983.39815450886,26.2607977032928,-6983.39815450886,-31192426.2831046,-220.901570405874,124818502.636226,-5696.56085027116,0.0,5475.65927986529,0.0,1
843,0.2573885,-0.001826055,0.286201,-0.000336875,0.3142775,-0.001826055,0.056889,0.199028803532132,0.974455531453364,-35934.1909980187,23.1012480622939,144270.43165411,-178.364114505723,0.0,201.465362568017,0.0,81358.2705916489,-44.1562006922805,-323483.312307019,-22.0781003461402,284.377966932663,-22.0781003461402,-284.377966932663,-109931.278803753,-22.8387007014111,440246.721464739,-343.174803005496,0.0,320.336102304085,0.0,1
730,0.3268385,-0.00109633,0.3303375,-0.00118661,0.3338685,-0.0010101525,0.0070299999999999,0.0212802346577227,1.00914547013433,-41111.7090094857,-35.255621376476,165689.794876584,-221.152867423634,0.0,185.897246047158,0.0,19563.2981995336,1.83806099803404,-78249.8143299019,0.919030499017022,139.865841371206,0.919030499017022,-139.865841371206,-66252.819774913,23.4656799085814,265561.917233224,269.396340101879,0.0,-245.930660193297,0.0,0
786,0.02139935,0.000391006,0.0240265,0.0002852035,0.02674275,0.0002852035,0.0053434,0.221984500052968,1.03391507907809,-27880113.5634619,-268.51169027962,111592552.781664,-5416.12466170617,0.0,5147.61297142655,0.0,56455900.4693399,2.31668810488865,-225823596.510316,1.15834405244433,7513.71407012397,1.15834405244433,-7513.71407012397,-21019524.0722218,-127.272376963334,84094294.5468249,4521.51087968378,0.0,-4648.78325664712,0.0,1
1196,0.02378405,0.000391006,0.0262421,0.000447714,0.0287759,0.0002852035,0.00499185,0.189948810834105,1.03081711112467,-24959266.7732455,110.389912025634,99849253.0256592,5051.42486029212,0.0,-4941.03494826649,0.0,49469792.353744,-79.9381188094363,-197872779.312137,-39.9690594047181,7033.36298139335,-39.9690594047181,-7033.36298139335,-16922036.2715365,39.3442195702617,67689693.0537596,4133.35941723083,0.0,-4094.01519766057,0.0,1
1477,0.2232735,-0.00128119,0.2489495,-0.0001438535,0.263143,-0.001380275,0.0398695,0.163931527816182,0.55279249104222,-46669.9299282462,-51.3930192944708,189320.962145186,-243.251653314988,0.0,191.858634020518,0.0,218367.258391762,17.4600904190627,-873164.178809606,8.73004520953136,467.216271872461,8.73004520953136,-467.216271872461,-89892.959242753,16.6110169758176,359847.762855983,308.242069637089,0.0,-291.631052661271,0.0,1
761,0.4060375,-0.004235795,0.4088485,-0.004006965,0.4290105,-0.004475515,0.022973,0.0550219867600426,7.17253646389184,-14918.0798744112,-17.9272579304493,59993.7060745495,-131.431692225151,0.0,113.504434294702,0.0,24355.1494714089,-16.6590529515434,-97143.0738403932,-8.32952647577169,155.838918310216,-8.32952647577169,-155.838918310216,12147.5353088636,7.40578386718428,-48535.2956007671,3.70289193359214,110.153637707485,3.70289193359214,-110.153637707485,0
738,0.05011655,0.0002358795,0.05438555,6e-05,0.0620046,-6e-05,0.01188805,0.212057225599274,1.78473881471071,-2178104.2611657,-37.0220715191196,8713787.67844238,1457.44523717355,0.0,-1494.46730869267,0.0,1584520.14561128,-33.5651309085323,-6336953.96443221,-16.7825654542661,1258.66536105037,-16.7825654542661,-1258.66536105037,-411196.033550384,27.5678439974738,1645544.1202242,-627.609896225333,0.0,655.177740222807,0.0,1
602,0.5812185,-0.006173395,0.596867,-0.01030215,0.600839,-0.01030215,0.0196205,0.0331972006437928,0.253826245327026,-8168.85088619771,-25.7196837358677,33336.9056762639,78.432142550557,0.0,-104.151826286425,0.0,43536.8554209797,12.3820953192838,-173994.105399423,6.1910476596419,208.563003310404,6.1910476596419,-208.563003310404,-29955.7330318321,2.61667626340341,119829.779121996,-171.773852692481,0.0,174.390528955885,0.0,0
931,0.1604615,-0.000391006,0.174698,-0.001826055,0.1974415,-0.00128119,0.03698,0.206648170034898,1.59754855477119,-221914.552469634,-18.1394135270153,887987.248201642,462.095669776843,0.0,-480.235083303858,0.0,127934.92277213,40.1484418564468,-510127.793705018,20.0742209282234,357.116155370006,20.0742209282234,-357.116155370006,-175101.045551862,8.24242636210413,700472.119799783,422.592275442167,0.0,-414.349849080063,0.0,1
350,0.7271555,-0.005265335,0.729534,-0.00555406,0.741536,-0.00885647,0.0143805000000001,0.0195827374230737,5.04603741854071,-15635.8661924674,-5.84722616662474,62577.6548237133,122.154017634288,0.0,-128.001243800912,0.0,-8404.36524025041,4.73180536753897,33639.8509430379,94.0717516562286,0.0,-89.3399462886896,0.0,-12262.6611150582,0.388690355075934,49050.7955404251,110.93141613892,0.0,-110.542725783845,0.0,0
1467,0.1185225,-0.00109633,0.1211895,-0.00109633,0.1222675,-0.00109633,0.0037449999999999,0.0311059429378295,0.40419947506561,-217229.872354399,100.480673789813,879015.85522285,519.019564043159,0.0,-418.538890253345,0.0,113009.045028729,48.8133939880735,-449653.432682281,24.4066969940367,335.281013734107,24.4066969940367,-335.281013734107,1092.72194598358,-51.9101488323991,-1676.22423213248,-25.9550744161996,20.4708587517261,-25.9550744161996,-20.4708587517261,0
104,0.1591525,-0.0007028545,0.1796485,-0.0006345535,0.2028805,-0.00159281,0.043728,0.241569138724923,1.13348946135832,-247266.799416735,-24.3571231452933,989660.467114857,-509.586961962823,0.0,485.22983881753,0.0,625283.233067509,-0.154567571985595,-2501132.9083789,-0.077283785992762,790.74852329595,-0.077283785992762,-790.74852329595,-166177.156782397,-24.6138548560006,665314.468980458,-420.140983442349,0.0,395.527128586348,0.0,1
844,0.05108675,0.000391006,0.0577858,0.000188797,0.06976715,-0.0002852035,0.0186804,0.309140209790499,1.78851478941044,-4447031.87087879,-22.2089696589991,17788620.7218485,2097.72343144582,0.0,-2119.93240110482,0.0,1585219.11154697,59.9756740476144,-6337279.36471041,29.9878370238072,1258.69767663947,29.9878370238072,-1258.69767663947,-836987.581760043,76.4988865525529,3353802.40668395,-877.420039490834,0.0,953.918926043387,0.0,1
29,0.0127603,0.000507121,0.0153105,0.000447714,0.01863155,0.000569356,0.00587125,0.374062057508557,1.30227041016391,-8704055.1976402,-30.8109710494783,34817170.1064978,-2965.7092879533,0.0,2934.89831690383,0.0,17767105.5499985,-31.2484114288634,-71067445.7367772,-15.6242057144316,4215.0754956696,-15.6242057144316,-4215.0754956696,-28689062.0875269,-280.629015995431,114835000.994726,-5498.36921550878,0.0,5217.74019951335,0.0,1
1107,0.1671275,-0.00128119,0.1789345,-0.0009278895,0.183976,-0.00109633,0.0168485,0.0959745488153777,0.426992462098753,-233880.737009564,11.152117572302,935647.317764601,-478.068262426401,0.0,489.220379998703,0.0,150125.255587312,3.0554296458138,-600491.686698927,1.52771482290692,387.456993322784,1.52771482290692,-387.456993322784,-53433.4518289173,-42.5827149000726,215547.09492393,-253.42660624044,0.0,210.843891340367,0.0,0
155,0.4173845,-0.00267129,0.418822,-0.003191005,0.4246175,-0.001380275,0.0072329999999999,0.0171804817565754,4.03165217391291,-24153.0478188651,50.0284355352779,99115.0356375678,182.426920270937,0.0,-132.398484735659,0.0,12347.2816490219,-3.39747063251735,-49377.5837893886,-1.69873531625868,111.105337168595,-1.69873531625868,-111.105337168595,-39034.5886906831,-35.589349259114,157404.95654342,-216.1661421743,0.0,180.576792915186,0.0,0
336,0.473598,-0.002362975,0.47682,-0.003380995,0.48169,-0.004475515,0.0080919999999999,0.0169414878026312,1.51148355058973,-38018.9655780568,-2.68510227550097,152083.072086457,193.646597333682,0.0,-196.331699609183,0.0,7681.59518763012,-14.5882172487398,-30513.564668024,-7.29410862436988,87.3406615901552,-7.29410862436988,-87.3406615901552,-27709.7575700253,9.77136857953963,110934.509924018,171.419847394535,0.0,-161.648478814996,0.0,0
746,0.1631035,-0.0006345535,0.1657785,-0.0009278895,0.1671275,-0.0009278895,0.0040239999999999,0.0243708192144285,0.50429906542056,-158942.999977976,-17.3767693937734,636073.95202647,390.082837944138,0.0,-407.459607337911,0.0,51376.3145248029,22.6379311386248,-204992.782172974,11.3189655693124,226.380643040088,11.3189655693124,-226.380643040088,-50176.6997090936,-19.1809680779125,201074.70837278,-233.79725711505,0.0,214.616289037138,0.0,0
515,0.415951,-0.002362975,0.4202645,-0.00358003,0.426077,-0.00300965,0.0101260000000001,0.0240514567211544,1.34751362003011,-23039.5946934863,7.87132764146355,92220.3365727844,155.774671138338,0.0,-147.903343496874,0.0,38016.2672860707,21.1989061070548,-151615.675524147,10.5994530535274,194.689288049026,10.5994530535274,-194.689288049026,-48224.8429183899,0.701557439691621,192899.863856401,219.952613785266,0.0,-219.251056345575,0.0,0
90,0.4088485,-0.00159281,0.41026,-0.00170672,0.4145215,-0.001484075,0.0056729999999999,0.0137799531194967,3.01912858660995,-22397.7068232538,5.73487160684209,89623.7160453623,-146.81866579369,0.0,152.553537400532,0.0,-2383.94093291048,1.07666432477818,9536.92293771019,-48.2902530559801,0.0,49.3669173807583,0.0,-27449.5816082585,-19.9603430402071,110196.741727317,155.999301402994,0.0,-175.959644443201,0.0,0
1458,0.1190525,-0.0002358795,0.1380695,-0.000336875,0.157851,-0.0010101525,0.0387985,0.280231199677866,1.04020087290319,-266104.987616846,-19.7531510200336,1064810.1374426,506.071614098834,0.0,-525.824765118868,0.0,524042.064622848,-8.36747577364322,-2096098.24384057,-4.1837378868216,723.895407472752,-4.1837378868216,-723.895407472752,-118336.201693102,30.5476743516696,474277.967180703,-329.065373189723,0.0,359.613047541392,0.0,1
259,0.2699915,-0.00251355,0.29567,-0.00251355,0.3268385,-0.00159281,0.056847,0.190496456277332,1.21379753490274,-50135.1169770324,-1.00837773143616,200541.484733779,223.4051034458,0.0,-224.413481177236,0.0,80283.0331464426,-38.1673899654325,-319675.382928997,-19.0836949827162,282.699214240594,-19.0836949827162,-282.699214240594,-83633.2416132448,-2.20628106829999,334537.834129132,288.093087885729,0.0,-290.299368954029,0.0,1
938,0.0121371,0.000507121,0.01402375,0.000447714,0.01640075,0.000507121,0.00426365,0.298806672541905,1.25990512283677,-12693872.3503511,-50.5478402910643,50778044.4855627,-3588.20966491987,0.0,3537.66182462881,0.0,24384365.0575749,56.0122293173931,-97534322.8604666,28.0061146586969,4937.97334086735,28.0061146586969,-4937.97334086735,-35381635.1213635,-306.154828291734,141620271.26434,-6103.29319309751,0.0,5797.13836480577,0.0,1
1269,0.0259929,0.000188797,0.0287759,0.000188797,0.0321868,0.0001438535,0.0061939,0.212923064230307,1.22561983471074,-18406088.719819,-28.1619878046739,73625147.9768332,-4304.33588076026,0.0,4276.17389295559,0.0,45558183.7324013,4.76132042552518,-182232712.259433,2.38066021276259,6749.67984906382,2.38066021276259,-6749.67984906382,-11871831.1911052,110.049240540549,47499435.5997645,3501.01633528369,0.0,-3390.96709474314,0.0,1
682,0.5275705,-0.004475515,0.545539,-0.00585653,0.549199,-0.00555406,0.0216285000000001,0.0401729432343692,0.203689790466649,-4470.13934626507,3.15361212694717,17890.5026545075,68.4544978868826,0.0,-65.3008857599355,0.0,44167.3197086254,-33.1200151109977,-175572.343433549,-16.5600075554989,209.506768049119,-16.5600075554989,-209.506768049119,-15229.0006315115,-23.7113063277014,61478.2285738119,112.118364853849,0.0,-135.829671181551,0.0,0
724,0.508424,-0.006853095,0.511858,-0.006853095,0.5275705,-0.005265335,0.0191465,0.0369625514421166,4.57556785090265,-35380.4537044448,11.7857036774711,141660.717628952,194.082063557256,0.0,-182.296359879785,0.0,32877.8891614588,-10.3913122635766,-131403.577275276,-5.19565613178831,181.248156732197,-5.19565613178831,-181.248156732197,-61291.2700400176,-14.4460141321704,245373.767484377,-254.899089623716,0.0,240.453075491546,0.0,0
820,0.0136001,0.000507121,0.01574465,0.000447714,0.01977255,0.000569356,0.00617245,0.369910690340743,1.87820288638642,-13149074.1627489,-68.1004555214557,52600934.3230378,-3660.37530706063,0.0,3592.27485153918,0.0,22843140.8272302,-3.59434075156901,-91372550.3896354,-1.7971703757845,4779.44950777899,-1.7971703757845,-4779.44950777899,-20474477.5161229,-190.723293973691,81934285.4393556,-4621.23961262389,0.0,4430.5163186502,0.0,1
1291,0.05573325,6e-05,0.05952495,0.0002358795,0.06453735,-2e-05,0.0088041,0.146404857047358,1.32194002690086,-2131834.3873423,27.1681380028455,8528075.65709173,1473.72752574563,0.0,-1446.55938774279,0.0,2453311.07307295,-98.9460793345198,-9803453.96567614,-49.4730396672599,1565.52339216603,-49.4730396672599,-1565.52339216603,-359211.103081697,-47.5820828028858,1439108.46693065,-623.60527658819,0.0,576.023193785304,0.0,1
343,0.773606,-0.009797705,0.7761255,-0.009797705,0.786281,-0.00841769,0.012675,0.0162511771686026,4.03076007144273,-5717.84626177236,12.6234633507229,23030.7368740565,-69.5676740847928,0.0,82.1911374355156,0.0,-5342.22321083484,10.9828131789565,21489.5150286632,-67.8051059958133,0.0,78.7879191747698,0.0,-18615.6218963761,-34.7838819840163,75672.4060313824,120.151148648459,0.0,-154.935030632475,0.0,0
133,0.1464885,-0.0006345535,0.147721,-0.0007744065,0.1508335,-0.000849364,0.0043449999999999,0.0292275714545172,2.52535496957411,-117530.096136514,-9.01699150730649,470201.690681899,338.347775401586,0.0,-347.364766908892,0.0,43694.2286767307,22.9192729957051,-174251.621632271,11.4596364978526,208.717285839165,11.4596364978526,-208.717285839165,-155503.80247013,-24.041788574587,622593.217478383,-406.543776221404,0.0,382.501987646817,0.0,0
1485,0.29567,-0.002362975,0.349547,-0.002836535,0.4018525,-0.00267129,0.1061825,0.304456128655348,0.970831709263691,-108690.525782735,8.89604265911606,434841.242705934,334.160487997841,0.0,-325.264445338725,0.0,51698.266303036,17.2269682621839,-206496.296776638,8.61348413109192,227.2093180179,8.61348413109192,-227.2093180179,-48583.0922815204,-12.9708838946266,194500.612955089,214.025676227649,0.0,-226.996560122276,0.0,1
345,0.418822,-0.005265335,0.4424305,-0.004726645,0.493227,-0.004006965,0.0744049999999999,0.163160093372176,2.15161912023212,-48639.2548646568,2.77621996458295,194564.726855919,-219.159349114339,0.0,221.935569078922,0.0,59701.6032720313,-41.9793974451773,-237044.143278265,-20.9896987225887,243.435896735807,-20.9896987225887,-243.435896735807,-62983.0791104942,-30.2610494355896,252848.04755492,-266.550515746213,0.0,236.289466310624,0.0,1
867,0.2052465,-0.00109633,0.215753,-0.00109633,0.2318735,-0.000849364,0.026627,0.121829245973646,1.53433588730786,-74397.4771745674,-21.5751281023996,298055.394850905,262.184684927934,0.0,-283.759813030333,0.0,92076.9626029449,30.5933665181485,-367371.896336866,15.2966832590742,303.056057659662,15.2966832590742,-303.056057659662,-151664.138611738,-2.70914662815548,606663.893922406,388.088584901087,0.0,-390.797731529242,0.0,1
445,0.141634,-0.000188797,0.1604615,-0.00128119,0.1810825,-0.00118661,0.0394485,0.244477738200557,1.09525959367946,-181950.914949984,15.5854336995313,728046.565543538,-418.835507000795,0.0,434.420940700327,0.0,252218.198505676,-13.8454279591162,-1008681.09814733,-6.92271397955814,502.165584779397,-6.92271397955814,-502.165584779397,-289787.306526458,22.7191603980942,1159665.38635503,549.798385068047,0.0,-527.079224669953,0.0,1
772,0.03573485,0.0002358795,0.03884825,0.000336875,0.04236525,0.0002358795,0.0066303999999999,0.169792356219774,1.12963319843258,-10870919.3291836,93.6160092329877,43492441.2739191,3344.24796896456,0.0,-3250.63195973157,0.0,27202485.8807876,-131.862860928906,-108792555.709058,-65.931430464453,5215.1834989063,-65.931430464453,-5215.1834989063,-6822099.48515519,82.8055614164561,27295254.7016223,2653.64581599525,0.0,-2570.8402545788,0.0,1
1043,0.4290105,-0.003191005,0.4394165,-0.00300965,0.4424305,-0.002836535,0.01342,0.0307995607275765,0.289640591966176,-36777.3837378622,10.0372876664767,147210.282095148,196.858604539519,0.0,-186.821316873042,0.0,53754.4574545159,-1.00018853855115,-215016.829440951,-0.500094269275571,231.849536036279,-0.500094269275571,-231.849536036279,-29516.5563442273,0.706013133463593,118066.723831454,-171.451187089487,0.0,172.15720022295,0.0,0
988,0.5773655,-0.002082045,0.585095,-0.00170672,0.587042,-0.001826055,0.0096765,0.0166204700673949,0.251892101688357,-18724.503469542,-11.1835907006583,75023.086579128,-142.543508171973,0.0,131.359917471315,0.0,16056.5684280482,22.5836183836441,-63716.2538928949,11.2918091918221,126.210393681439,11.2918091918221,-126.210393681439,5738.51798027114,11.219078989576,-22828.2041877102,5.60953949478798,75.5450266194113,5.60953949478798,-75.5450266194113,0
329,0.123352,-0.0007744065,0.1277575,-0.000447714,0.1294375,-0.000391006,0.0060854999999999,0.0481467782483052,0.381341504937,-230475.09576529,7.51388933578826,921956.84159411,-476.33597383698,0.0,483.849863172768,0.0,282099.318156428,-35.31168275459,-1127150.35768675,-17.655841377295,530.836688089367,-17.655841377295,-530.836688089367,-172615.967564927,-17.0639570442405,690755.048889717,-424.090352547274,0.0,407.026395503033,0.0,0
20,0.359507,-0.003380995,0.3658555,-0.003380995,0.3762155,-0.001951075,0.0167085,0.0454206579246931,1.63188154682209,11209.5054142402,-4.14345860759411,-44820.853407728,-2.07172930379705,105.854680349676,-2.07172930379705,-105.854680349676,55806.2883771779,-6.26084517233208,-223185.95532644,-3.13042258616604,236.212804122914,-3.13042258616604,-236.212804122914,-54464.442357244,-31.8476608082141,218872.042927931,-249.842642670207,0.0,217.994981861993,0.0,0
753,0.5293425,-0.004006965,0.5346925,-0.004235795,0.5419015,-0.004726645,0.012559,0.023447505890348,1.34747663551403,15346.567935846,-31.636407146699,-60385.4094862324,-15.8182035733495,122.867214388372,-15.8182035733495,-122.867214388372,21063.4123195435,20.5048638295874,-83833.1998375042,10.2524319147937,144.769817155981,10.2524319147937,-144.769817155981,-21590.9192379367,-16.3151728509701,86629.8618169037,139.007169729737,0.0,-155.322342580707,0.0,0
922,0.3043065,-0.00267129,0.3398255,-0.0007028545,0.3881755,-0.002219245,0.083869,0.24222723478733,1.36124327824545,-73246.8658801289,-9.24523687343198,293072.937925361,-275.303675183102,0.0,266.05843830967,0.0,136314.709383206,-18.0188270040084,-544934.159406222,-9.00941350200421,369.098279393924,-9.00941350200421,-369.098279393924,-10804.6970379178,35.4309590522723,44474.1410110351,123.159944780405,0.0,-87.728985728133,0.0,1
409,0.6210635,-0.00585653,0.62312,-0.00498973,0.6334965,-0.006853095,0.012433,0.0198204948348425,5.04570872842204,1648.50440078932,-17.0990173822454,-6301.64120771895,-8.54950869112272,39.6914386477706,-8.54950869112272,-39.6914386477706,12260.734330688,-8.97884055859346,-48962.3177449752,-4.48942027929673,110.637152151724,-4.48942027929673,-110.637152151724,-5620.46329175111,15.6936477057047,22728.1437453152,83.2261044034705,0.0,-67.5324566977658,0.0,0
1245,0.04088425,0.000188797,0.0435663,0.000188797,0.04725815,0.0001438535,0.0063739,0.144627330320028,1.37650304804161,-8759152.25842926,96.0178065521163,35045828.4528921,3007.98476689776,0.0,-2911.96696034564,0.0,18917986.5556256,-9.81767066225328,-75671849.8358454,-4.90883533112645,4349.47841228823,-4.90883533112645,-4349.47841228823,-4660192.64040099,47.9078949204476,18643065.7279996,2182.83477603783,0.0,-2134.92688111738,0.0,1
364,0.4640485,-0.003380995,0.468802,-0.00300965,0.473598,-0.00358003,0.0095495,0.0203690836578605,1.00894078047754,-77388.1679779845,-4.1428823589381,309569.835386178,-280.266442656031,0.0,276.123560297093,0.0,27547.3941701818,6.44663905177513,-110148.017525663,3.22331952588757,165.942774417616,3.22331952588757,-165.942774417616,-2490.62606667777,9.56689988241748,10054.0298400713,-45.3514426987264,0.0,54.9183425811439,0.0,0
238,0.468802,-0.002836535,0.4719945,-0.002836535,0.4899055,-0.00498973,0.0211035,0.0440248981050007,5.61033672670324,-51721.7803445495,-15.9614557794648,207141.889448798,-235.54494379856,0.0,219.583488019095,0.0,10196.5381293904,0.961550607806778,-40785.2279379902,0.480775303903389,100.976764577291,0.480775303903389,-100.976764577291,-32272.372170322,20.0715780871767,129492.356928198,189.96102138205,0.0,-169.889443294873,0.0,0
823,0.641911,-0.00118661,0.6946015,-0.00841769,0.7014615,-0.00799885,0.0595505,0.0886582090968811,0.130194247539876,-5895.07803249712,39.2032883789705,25117.2099497132,98.8436941846003,0.0,-59.6404058056297,0.0,59355.5114852634,17.0106765045668,-237132.682825911,8.50533825228341,243.481355973055,8.50533825228341,-243.481355973055,-20670.0613284811,-40.3260853692626,84306.4384751333,-165.340897809934,0.0,125.014812440671,0.0,0
1452,0.1657785,-0.0010101525,0.1876435,-0.0002358795,0.2068365,-0.001826055,0.041058,0.220377601545832,0.877795563686256,-145633.424447131,47.0728561687734,584749.551576412,-358.808165043466,0.0,405.881021212239,0.0,178240.798086427,25.9066703641506,-712292.03677635,12.9533351820753,421.986977517183,12.9533351820753,-421.986977517183,-213352.345872974,48.0894984499787,855721.983353066,486.570960199315,0.0,-438.481461749337,0.0,1
1413,0.588995,-0.00555406,0.59885,-0.00555406,0.604835,-0.003788535,0.0158400000000001,0.0265364415369024,0.607305936073058,-34041.1791261342,-49.2426955618478,138589.559570734,-210.759441390704,0.0,161.516745828857,0.0,32827.0911049531,16.2452826209519,-131044.455212378,8.12264131047595,181.000314372916,8.12264131047595,-181.000314372916,-18336.1233647104,-22.0399636919886,73830.2534583859,-146.878597195174,0.0,124.838633503186,0.0,0
221,0.174698,-0.000849364,0.176102,-0.0010101525,0.177514,-0.00118661,0.002816,0.0159903694365894,1.00569800569803,-192379.961966123,-8.74668657521221,769596.352390537,434.259861221166,0.0,-443.006547796378,0.0,36487.8426019228,30.71958255702,-145007.677655214,15.35979127851,190.399368207469,15.35979127851,-190.399368207469,-32875.2449748425,-2.56407333677429,131507.554371447,180.037814955371,0.0,-182.601888292145,0.0,0
927,0.4290105,-0.00170672,0.503312,-0.004475515,0.579289,-0.00585653,0.1502785,0.298083059646464,1.02255001581395,-22771.4404330853,-12.1222318826076,91232.7102381571,144.962648942039,0.0,-157.084880824647,0.0,41788.8978017466,-4.25901522288156,-167137.451996318,-2.12950761144079,204.41223788971,-2.12950761144079,-204.41223788971,-337.752524171424,31.6408570220703,2352.15392977679,40.0699332986426,0.0,-8.42907627657232,0.0,1
597,0.05505735,0.000100952,0.059175,0.000188797,0.06058125,6e-05,0.0055239,0.0955373032880025,0.341517613201706,-384896.787768381,85.7337192704576,1546937.42169347,664.746554932774,0.0,-579.012835662316,0.0,517308.884468259,9.94614472980635,-2069136.61207805,4.97307236490317,719.224688827847,4.97307236490317,-719.224688827847,-242658.771884599,-6.77332319281112,970680.965445471,489.22905208046,0.0,-496.002375273271,0.0,0
886,0.2028805,-0.001826055,0.2108525,-0.001826055,0.212476,-0.001484075,0.0095954999999999,0.0462036828603861,0.203650275965881,-172520.229875439,-6.0419445843056,690117.424596115,-418.387504585053,0.0,412.345560000747,0.0,131548.220546801,14.3217803709106,-525987.768794211,7.16089018545532,362.625071111407,7.16089018545532,-362.625071111407,-59918.5487886847,3.69810941326605,239687.871167971,-242.940585172168,0.0,246.638694585434,0.0,0
460,0.1097505,-0.000507121,0.1117745,-0.000507121,0.113308,-0.0007028545,0.0035574999999999,0.0318974618765928,0.757658102766796,-198416.04394528,22.7448978392157,794181.506158835,456.956758046072,0.0,-434.211860206857,0.0,200735.317101087,-37.8625283145539,-801507.697353979,-18.9312641572769,447.634811356863,-18.9312641572769,-447.634811356863,-252363.311275368,38.5349014688862,1010938.18373269,521.99455954515,0.0,-483.459658076264,0.0,0
1072,0.131133,-0.0002358795,0.14896,-0.00118661,0.1651065,-0.0007744065,0.0339735,0.229365091420962,0.90573287709654,-220982.722933704,-23.428434950904,884479.783299067,-481.948144180838,0.0,458.519709229934,0.0,377466.263895068,2.5714178422765,-1509858.44339055,1.28570892113824,614.381486413481,1.28570892113824,-614.381486413481,-176563.297507906,-41.5586856101794,707980.31438127,399.928487637033,0.0,-441.487173247212,0.0,1
983,0.4546715,-0.00267129,0.457778,-0.003191005,0.460904,-0.003191005,0.0062324999999999,0.0136143878904579,1.00627716079187,141.271359732611,-13.1969644695475,-390.925567719944,-6.59848223477377,9.88591887130306,-6.59848223477377,-9.88591887130306,29882.5876567965,27.6063681534578,-118768.239064562,13.8031840767289,172.313840901248,13.8031840767289,-172.313840901248,-8363.09577626309,-19.4139126456465,33829.2831092652,-101.670649035308,0.0,82.2567363896614,0.0,0
19,0.4046385,-0.00585653,0.41026,-0.00585653,0.4116765,-0.006173395,0.0070379999999999,0.0172433435622278,0.251979009161254,-14379.1297132567,2.45037671558947,57522.5231990752,121.144456199826,0.0,-118.694079484236,0.0,29130.1109364059,26.2901174959942,-115829.273467671,13.1450587479971,170.168499925567,13.1450587479971,-170.168499925567,25886.4098735365,43.2362851568623,-101676.263139981,21.6181425784311,159.43357797213,21.6181425784311,-159.43357797213,0
156,0.433443,-0.001380275,0.448514,-0.002362975,0.453125,-0.002219245,0.019682,0.0444004295214805,0.30595182801407,-13861.0030726328,-32.9280378654291,56528.2679681983,-135.34238951395,0.0,102.414351648521,0.0,38145.6026566071,3.99964496399858,-152566.41346659,1.99982248199929,195.298754134909,1.99982248199929,-195.298754134909,-10581.1022594021,-15.3099897872146,42558.804824893,-110.80392220855,0.0,95.493932421335,0.0,0
1099,0.112284,-0.000507121,0.1138225,-0.0002852035,0.115375,-0.000391006,0.003091,0.0271546479603266,1.00909977250567,-39881.0594272714,25.6429392042003,160181.798040116,-187.29212191539,0.0,212.935061119591,0.0,93904.5217887781,-27.1859304544186,-374879.01234044,-13.5929652272093,306.136820858109,-13.5929652272093,-306.136820858109,-150108.426129903,-18.4873955382448,600775.488313399,378.304843807736,0.0,-396.792239345981,0.0,0
283,0.04206725,0.0002852035,0.04508825,0.000336875,0.04851895,0.0002358795,0.0064516999999999,0.142443330220276,1.13561734524992,-5776389.62287314,-42.1868357396884,23107338.2206023,2382.41122226518,0.0,-2424.59805800486,0.0,20462040.9405379,-59.8892835697319,-81844577.0358653,-29.9446417848662,4523.39963511586,-29.9446417848662,-4523.39963511586,-3925685.20818951,21.1585001540165,15703188.5148868,1991.94169262045,0.0,-1970.78319246643,0.0,1
1130,0.5419015,-0.003380995,0.549199,-0.004235795,0.552881,-0.00358003,0.0109794999999999,0.0200578653750858,0.504556354916065,-51375.5145335612,-34.0356741337109,206660.485247981,-244.31746599747,0.0,210.281791863759,0.0,21665.8539279525,24.5917768375934,-86058.6602237801,12.2958884187967,146.67878188731,12.2958884187967,-146.67878188731,-4183.69307825889,6.48184500101717,16776.7866276528,-61.521695242393,0.0,68.0035402434101,0.0,0
667,0.1249915,-0.0007028545,0.13457,-0.0007028545,0.1533585,-0.0007028545,0.028367,0.20382252559727,1.96152842303074,-28710.9343869287,4.25509670437302,114861.843395678,171.583916922151,0.0,-167.328820217778,0.0,310287.962771953,-23.5285295013804,-1240598.25938731,-11.7642647506902,556.910733283915,-11.7642647506902,-556.910733283915,-152521.433468655,40.1360486085712,611696.63627253,-370.987162425327,0.0,411.123211033899,0.0,1
193,0.0117248,0.000507121,0.0136001,0.000447714,0.0161814,0.000507121,0.0044566,0.319398556593158,1.37647309763771,-16152419.2771411,-80.406449166902,64616142.3056319,-4059.41155165583,0.0,3979.00510248893,0.0,27853427.4201658,28.2788462314888,-111412909.987519,14.1394231157442,5277.61570189416,14.1394231157442,-5277.61570189416,-33148487.8880502,-286.269748593165,132675901.92116,-5902.38616941213,0.0,5616.11642081896,0.0,1
989,0.4018525,-0.003380995,0.4046385,-0.003191005,0.407441,-0.00267129,0.0055885,0.0138108115288211,1.0059224694903,-27911.9402964701,36.6082010627718,112987.921570933,-149.764279578417,0.0,186.372480641189,0.0,8372.45044799762,-27.8437824404148,-32714.5255714013,-13.9218912202074,90.4357860188672,-13.9218912202074,-90.4357860188672,-9161.02304164824,-0.324635822526893,36644.1975550102,-95.8756889142354,0.0,95.5510530917085,0.0,0
1375,0.743958,-6e-05,0.748825,-0.00267129,0.7561805,-0.00267129,0.0122224999999999,0.0162951620800345,1.51130059584961,-2176.45762326907,-16.3742242792543,8973.94571382359,39.1783439275944,0.0,-55.5525682068487,0.0,15609.0137582576,6.53343585879707,-62393.3692489095,3.26671792939853,124.893323729603,3.26671792939853,-124.893323729603,-21567.4767251145,1.84826060363486,86273.322967717,147.785734344294,0.0,-145.937473740659,0.0,0
1081,0.313156,-0.002362975,0.31653,-0.00267129,0.3222225,-0.002836535,0.0090665,0.0285388945329439,1.68716656787198,-56466.2185579206,-20.9877192968054,226305.358592964,-248.351673579837,0.0,227.363954283032,0.0,37858.6615567189,-4.11137533979844,-151417.742819691,-2.05568766989921,194.562164114513,-2.05568766989921,-194.562164114513,-29626.5003788513,19.5047721495085,118886.437652009,-162.64717718746,0.0,182.151949336969,0.0,0
883,0.0740349,2e-05,0.0796766,6e-05,0.08133295,-6e-05,0.00729805,0.0939454333699025,0.29359058439832,-615562.066125629,11.7001294057429,2462385.15753063,790.449509886627,0.0,-778.749380480884,0.0,275445.169159703,-118.327134895947,-1087779.36578613,-59.1635674479736,521.483308885847,-59.1635674479736,-521.483308885847,-507353.377787972,29.2668121686489,2030270.0574464,727.071132739504,0.0,-697.804320570855,0.0,0
1121,0.7391215,-0.000507121,0.746388,-0.001484075,0.748825,-0.00109633,0.0097034999999999,0.0130428076547107,0.335374664556511,-11046.8025641055,-25.2030041220696,44822.4016731989,-118.458010686153,0.0,93.2550065640834,0.0,9115.41008533678,-15.2213739671677,-36229.9501158987,-7.61068698358387,95.1708333943477,-7.61068698358387,-95.1708333943477,-6650.67645003607,-34.6331634937903,27802.1618137319,-100.686483110834,0.0,66.0533196170442,0.0,0
159,0.47682,-0.00358003,0.480062,-0.00358003,0.483323,-0.002362975,0.006503,0.0135458988921443,1.00586057988895,54664.1408071058,26.5735326238226,-217950.410592314,13.2867663119113,233.425796877891,13.2867663119113,-233.425796877891,8658.66438783812,-17.5972436518176,-34324.994567211,-8.79862182590882,92.6350292373396,-8.79862182590882,-92.6350292373396,-1455.45022545104,-32.9639782495919,6908.42476384372,-58.0404562640076,0.0,25.0764780144157,0.0,0
267,0.02674275,0.0002852035,0.0298111,0.0002852035,0.0329932,0.000336875,0.00625045,0.209269292611903,1.03707204197696,-13389469.0424982,-165.986612154576,53585427.7254072,3577.11009838437,0.0,-3743.09671053894,0.0,72764121.0890954,-138.468778469752,-291037310.753771,-69.2343892348759,8529.90783587036,-69.2343892348759,-8529.90783587036,-10343491.4161572,-25.4300597079621,41374612.3525656,3203.43998633249,0.0,-3228.87004604045,0.0,1
1199,0.06862775,0.000188797,0.07885585,6e-05,0.09533285,-0.0002852035,0.0267051,0.325750210721356,1.61095413615432,-1597217.77072981,-23.122414700711,6389405.72898082,-1275.42489946482,0.0,1252.30248476411,0.0,272784.271683562,15.1808835937715,-1090906.62750756,7.59044179688573,522.23237823491,7.59044179688573,-522.23237823491,-396968.795866475,50.2213251746779,1590397.3649682,-605.444125866488,0.0,655.665451041166,0.0,1
917,0.01296925,0.000507121,0.01487895,0.000447714,0.0177311,0.000507121,0.00476185,0.310214704392621,1.49350683353406,-12542553.3376508,-79.9950018870497,50176612.5509299,-3581.77009919606,0.0,3501.77509730901,0.0,20399205.0776645,16.6433091064937,-81596543.3109202,8.32165455324684,4516.54024976309,8.32165455324684,-4516.54024976309,-30587145.7663724,-254.570450215246,122413389.179612,-5659.31444546638,0.0,5404.74399525113,0.0,1
1434,0.04508825,0.0002852035,0.0482023,0.000391006,0.05108675,0.000336875,0.0059985,0.124741356901482,0.926269648849566,-4087212.08886615,56.0997839432928,16351995.5412231,-1993.83014534653,0.0,2049.92992928983,0.0,3825669.93536279,2.44935701812257,-15302673.7421013,1.22467850906126,1955.9316029773,1.22467850906126,-1955.9316029773,-1406195.4831502,-19.7025417926088,5625170.12275389,1176.02078404406,0.0,-1195.72332583667,0.0,1
944,0.0379888,0.0001438535,0.04059075,-6e-05,0.0444767,0.000188797,0.0064879,0.157348224408995,1.49347604681105,-11418960.355451,30.7393792419108,45676786.3312404,3394.59986568326,0.0,-3363.86048644135,0.0,16923744.2910232,-48.6550982960069,-67692609.8455025,-24.3275491480035,4113.77593718662,-24.3275491480035,-4113.77593718662,-6003001.59950351,4.30487671323157,24012024.9299775,-2447.95087221916,0.0,2452.25574893239,0.0,1
934,0.5016185,-0.003788535,0.567834,-0.004235795,0.656885,-0.006173395,0.1552665,0.26804666537477,1.34486638324864,-29075.4638133379,10.5481946037631,116413.11966275,175.870931726462,0.0,-165.322737122698,0.0,97405.8000856382,26.4981367144318,-388921.049093216,13.2490683572159,311.817674728845,13.2490683572159,-311.817674728845,-43627.0054900087,-17.1071152367002,174800.675351757,-217.599411052326,0.0,200.492295815625,0.0,1
519,0.1719155,-0.00109633,0.174698,-0.000849364,0.176102,-0.0007744065,0.0041864999999999,0.0240591349572937,0.504582210242585,1725.66483747222,13.3424635741153,-6724.63801566227,6.67123178705767,41.0019451235618,6.67123178705767,-41.0019451235618,44132.4043837208,0.398958960931964,-176529.45836663,0.199479480465957,210.077044418608,0.199479480465957,-210.077044418608,18600.2833365239,-37.0392170237117,-73029.2297483661,-18.5196085118558,135.119604192329,-18.5196085118558,-135.119604192329,0
498,0.296738,-0.002836535,0.299962,-0.00358003,0.3010435,-0.003380995,0.0043055,0.0144049288912421,0.335452853598018,-56092.5351122801,2.42657465181001,224376.028713661,238.055021778293,0.0,-235.628447126483,0.0,19170.1932923218,-18.530112662271,-76337.4080940108,-9.26505633113547,138.146125618863,-9.26505633113547,-138.146125618863,11867.1708571863,-18.5907631229074,-47123.0669552533,-9.29538156145372,108.539240548353,-9.29538156145372,-108.539240548353,0
853,0.200535,-0.000447714,0.2036665,-0.000336875,0.21907,-0.0010101525,0.018535,0.0883449911226034,4.9188887114801,-75641.9099801089,-0.162760184518163,302567.666411313,-275.112135832101,0.0,274.949375647582,0.0,177331.580723919,11.9864375340081,-709182.648210917,5.99321876700405,421.064914297937,5.99321876700405,-421.064914297937,-99850.891475998,-8.33472289290484,399473.033509694,311.852034125122,0.0,-320.186757018027,0.0,0
1465,0.2903775,-0.002219245,0.331511,-0.00300965,0.3723015,-0.00300965,0.0819239999999999,0.247250931446447,0.991661297968808,-126157.110763971,-10.3975755881533,504736.552633995,-360.422855332439,0.0,350.025279744285,0.0,151470.420536437,-14.2232962993495,-605679.37998813,-7.11164814967476,389.127029383764,-7.11164814967476,-389.127029383764,-96739.7858034496,1.79553812654272,386962.367170962,311.929265527441,0.0,-310.133727400898,0.0,1
256,0.1440465,-6e-05,0.1591525,-0.000447714,0.1891255,-0.001826055,0.045079,0.270604972806838,1.98417847213028,-328769.611440907,-56.8111849818676,1318305.95650267,545.681934917272,0.0,-602.49311989914,0.0,290210.671073182,-72.7605574794816,-1155548.585568,-36.3802787397408,537.482228908083,-36.3802787397408,-537.482228908083,-76424.4680693769,-1.75963343513594,305700.968587334,-277.330973609402,0.0,275.571340174266,0.0,1
62,0.0193141,0.000507121,0.02187055,0.0002852035,0.0250038,0.000336875,0.0056897,0.256767581496416,1.22562537894345,-26576196.1289938,-318.773650569106,106406401.156272,-5317.06074761312,0.0,4998.28709704401,0.0,58748250.0724159,180.131069751958,-234960553.087373,90.0655348759786,7664.21152316684,90.0655348759786,-7664.21152316684,-19877033.6884113,-153.959296308396,79531838.2185651,-4536.01088314698,0.0,4382.05158683858,0.0,1
47,0.0093,0.000507121,0.01050275,0.000507121,0.01402375,0.000507121,0.00472375,0.40505922075138,2.92745790895864,-2228750.32765489,-22.756235901853,8915519.15689199,1481.56521293039,0.0,-1504.32144883224,0.0,2044101.86470354,-26.4542198933652,-8175707.633064,-13.2271099466826,1429.65971764822,-13.2271099466826,-1429.65971764822,-9069275.46457793,-2.15298001067111,36277106.4936347,-3012.60046025838,0.0,3010.44748024771,0.0,1
604,0.164437,-6e-05,0.1684855,-0.000447714,0.1705375,-0.0007744065,0.0061005,0.0364236680702561,0.506854390515004,-59857.3456618378,-79.3335659832172,245723.197338965,-287.519157066866,0.0,208.185591083648,0.0,160355.986889549,24.1110909061975,-640842.602853508,12.0555454530987,400.263226781298,12.0555454530987,-400.263226781298,-98087.5936541567,19.7197912491485,392739.244783537,323.204452296434,0.0,-303.484661047285,0.0,0
106,0.09441745,-0.000507121,0.1038255,-0.000188797,0.1138225,-0.000507121,0.01940505,0.186372019393973,1.06260064519215,-418440.705122883,6.05534192548919,1673799.48765737,649.90468548277,0.0,-643.849343557281,0.0,552975.73995086,-34.1709163792544,-2210735.30827724,-17.0854581896272,743.42708255034,-17.0854581896272,-743.42708255034,-437083.067286962,32.2984574459916,1749375.45950124,677.469018896638,0.0,-645.170561450646,0.0,1
733,0.0211648,0.000447714,0.0233013,0.000336875,0.0259929,0.000336875,0.0048281,0.204764015208545,1.2598174584601,-36319281.4434935,-163.343706449325,145303806.940411,-6108.77329049139,0.0,5945.42958404206,0.0,40458121.7241868,-2.7498000446451,-161832479.335347,-1.37490002232232,6360.66976299168,-1.37490002232232,-6360.66976299168,-29670552.194147,-72.3427104245068,118687442.244339,5411.01696180827,0.0,-5483.35967223277,0.0,1
321,0.3762155,-0.000849364,0.3895245,0.000100952,0.397706,-0.001951075,0.0214905,0.0555366403440141,0.614734390262224,-17144.437905681,-26.7024987081097,69290.7750599805,118.264455502908,0.0,-144.966954211018,0.0,78796.7998336848,-7.63890952615083,-315128.84639599,-3.81945476307541,280.681690886665,-3.81945476307541,-280.681690886665,-47526.4234497378,-0.0467853315915931,190105.695987818,217.982166889355,0.0,-218.028952220947,0.0,0
1495,0.393597,-0.00300965,0.4394165,-0.001826055,0.494895,-0.003191005,0.101298,0.228022311962291,1.21080544309737,-66287.3973656618,12.744221312203,265312.004639502,263.91434245484,0.0,-251.170121142638,0.0,244553.32689955,30.644762479619,-977274.206130766,15.3223812398095,494.285900600747,15.3223812398095,-494.285900600747,-16463.1345635939,5.45002572744805,65882.2410348053,131.0626934517,0.0,-125.612667724252,0.0,1
1432,0.418822,-0.003191005,0.4304835,-0.004726645,0.433443,-0.004726645,0.014621,0.0343109244190481,0.253783818548215,-10891.0846768291,9.74070198470011,43659.219982471,109.34429509143,0.0,-99.6035931067302,0.0,39873.5100072659,-2.0538279429074,-159489.821819844,-1.02691397145369,199.680884049929,-1.02691397145369,-199.680884049929,-5524.04495571444,-15.5221330050161,22337.1164358832,66.9669677883174,0.0,-82.4891007933335,0.0,0
235,0.462474,-0.004726645,0.4882525,-0.002836535,0.5153125,-0.00128119,0.0528385000000001,0.108077785897024,1.04971196927673,-47434.9489053245,13.0728744789661,189910.695668441,-211.357284370641,0.0,224.430158849607,0.0,177045.084034739,1.55641206830985,-708177.913720428,0.778206034154923,420.766536728038,0.778206034154923,-420.766536728038,-29970.5520533134,1.99928797941245,119886.205365678,-172.123293085136,0.0,174.122581064548,0.0,1
61,0.743958,-0.007217395,0.748825,-0.00759904,0.7586475,-0.006853095,0.0146894999999999,0.0195520381098032,2.01818368604891,-3805.34333170703,9.03334939290119,15302.9747280823,-57.3359217083939,0.0,66.3692711012951,0.0,32135.0028495939,-1.73412439749435,-128537.00421095,-0.867062198747178,179.260288554764,-0.867062198747178,-179.260288554764,-1143.38867214148,5.08805226833691,4599.44296445125,36.4536227273574,0.0,-31.3655704590205,0.0,0
1024,0.04417235,6e-05,0.04725815,0.000100952,0.05108675,0.000100952,0.0069144,0.145170382672102,1.24071553567957,-7295818.8952314,158.343932660546,29208348.381936,2781.40939029657,0.0,-2623.06545763602,0.0,13111791.6352013,-27.7500755958883,-52446396.4741096,-13.8750377979443,3620.99421685915,-13.8750377979443,-3620.99421685915,-2950103.01102147,-42.0433032463704,11802179.6834337,1696.69337737855,0.0,-1738.73668062492,0.0,1
448,0.5812185,-0.004006965,0.596867,-0.006173395,0.604835,-0.006173395,0.0236165,0.0398236673134897,0.509186183979291,-88862.4025657995,-11.8862718942637,355590.893722742,292.214076661729,0.0,-304.100348555993,0.0,20214.5307887865,18.2215504522118,-80526.0982542634,9.11077522610588,141.885603792513,9.11077522610588,-141.885603792513,-40967.3359428613,-18.9011338196241,164226.596631113,-212.07497106138,0.0,193.173837241756,0.0,0
396,0.01487895,0.000507121,0.017285,0.000447714,0.0206979,0.000507121,0.00581895,0.327120023273561,1.41846595041666,-19180049.9210784,-87.1133351434157,76727788.4174732,-4423.27664770381,0.0,4336.16331256039,0.0,38399439.8438733,-47.2708337009783,-153595524.843775,-23.6354168504895,6196.68308137052,-23.6354168504895,-6196.68308137052,-23455883.5471134,-87.6690880705185,93831220.0574567,-4887.16036565455,0.0,4799.49127758403,0.0,1
518,0.4032435,-0.005265335,0.4088485,-0.004475515,0.413097,-0.004006965,0.0098535,0.0241406618929234,0.757983942908112,-57197.9186118883,24.8505987387672,229409.226705228,-227.058116917229,0.0,251.908715655996,0.0,32066.0267355238,0.0255514152835161,-128264.10628922,0.0127757076417723,179.069892981219,0.0127757076417723,-179.069892981219,-31411.8529716146,1.06010102679159,125648.535700645,-176.704635496881,0.0,177.764736523672,0.0,0
184,0.4018525,-0.002836535,0.4032435,-0.00267129,0.4060375,-0.00267129,0.0041849999999999,0.0103603213308742,2.00862688713161,-26023.8728705819,-4.14204468196594,104112.648016475,159.261435658388,0.0,-163.403480340354,0.0,-21963.9391252924,-25.0952566286105,88485.5284064252,-161.280214191127,0.0,136.184957562517,0.0,-24313.8615871679,4.82940916673144,97278.7695415712,158.362427828666,0.0,-153.533018661935,0.0,0
821,0.587042,-0.0007744065,0.590954,-0.000391006,0.59489,-6e-05,0.0078479999999998,0.013279951807718,1.00613496932516,-5287.84379176174,13.2839459815057,21327.8383878865,79.662241389134,0.0,-66.3782954076284,0.0,16880.8781503437,-7.18022885479461,-67471.9569149674,-3.59011442739731,129.876823293234,-3.59011442739731,-129.876823293234,7611.9298347593,9.46063892442025,-30358.215650179,4.73031946221012,87.1180458489786,4.73031946221012,-87.1180458489786,0
564,0.729534,-0.002082045,0.7837305,-0.004726645,0.793979,-0.004475515,0.064445,0.0846005252334571,0.189098927052487,-13585.9804325047,-13.939136737694,54538.2212630107,-123.736666970091,0.0,109.797530232397,0.0,138760.604156905,-1.62515419068393,-555039.775501478,-0.812577095341963,372.504958188974,-0.812577095341963,-372.504958188974,-32798.4410970347,15.1166648855308,131422.2779454,-173.70272097564,0.0,188.819385861171,0.0,0
1416,0.604835,-0.007217395,0.606842,-0.007217395,0.6088555,-0.006853095,0.0040204999999999,0.0066252475404561,1.00323866467365,20143.8607404137,-3.90500190538719,-80560.1939217739,-1.9525009526936,141.91563860422,-1.9525009526936,-141.91563860422,20313.8678348321,9.40139998071135,-81167.0850177311,4.70069999035567,142.449188324935,4.70069999035567,-142.449188324935,13668.2476637795,23.7764390205201,-54107.6716026216,11.8882195102601,116.305278902788,11.8882195102601,-116.305278902788,0
147,0.3544965,-0.00267129,0.3671365,-0.002219245,0.3697115,-0.001951075,0.015215,0.0420183151801693,0.203718354430384,-35473.0547221861,9.88465817916452,141989.925356063,-183.465423773764,0.0,193.350081952929,0.0,55518.3958530691,-6.80389207166189,-222027.290464954,-3.40194603583095,235.598859539342,-3.40194603583095,-235.598859539342,6348.25064021831,-6.60961215635034,-25349.3155880159,-3.30480607817517,79.607341979267,-3.30480607817517,-79.607341979267,0
1263,0.6612225,-0.00251355,0.67661,-0.00885647,0.683306,-0.007217395,0.0220834999999999,0.0328494338349837,0.435158407798543,109.376260734278,-13.0327130426405,-267.6534336853,-6.51635652132024,8.18005858300081,-6.51635652132024,-8.18005858300081,62332.9636305891,-22.4261077367695,-248828.924214135,-11.2130538683848,249.413774787067,-11.2130538683848,-249.413774787067,-2067.20128690225,21.9884074852447,8752.29521134616,-35.782647400187,0.0,57.7710548854316,0.0,0
96,0.174698,-0.0009278895,0.190617,-0.0006345535,0.2174065,-0.0010101525,0.0427085,0.217842437411455,1.68286324517872,-88457.2546124804,-40.5486909513981,355473.214787794,-318.382218060353,0.0,277.833527108955,0.0,402838.150437874,-7.35167124705356,-1611298.55468137,-3.67583562352678,634.684676568091,-3.67583562352678,-634.684676568091,-62410.70088475,-39.8120482607053,251227.802725713,-270.519173588693,0.0,230.707125327987,0.0,1
193,0.4849615,-0.00358003,0.496568,-0.004726645,0.505011,-0.004235795,0.0200495000000001,0.040505165547528,0.727437211907128,-40451.6988521284,6.62748834105755,161850.719010224,-197.839629533608,0.0,204.467117874666,0.0,57855.2115825668,26.3252099904874,-230727.829649224,13.1626049952437,240.170683915223,13.1626049952437,-240.170683915223,-15493.0641576227,22.1996518623323,62465.0811732996,136.064902225805,0.0,-113.865250363473,0.0,0
970,0.313156,-0.001826055,0.3222225,-0.002219245,0.3434435,-0.002082045,0.0302875,0.0922556291925292,2.34059449622235,-30194.2851377537,-23.475347581295,121328.232495077,-185.898685856406,0.0,162.423338275111,0.0,50114.6424160831,26.2611022114401,-199768.924174973,13.1305511057201,223.477585103614,13.1305511057201,-223.477585103614,-99294.8836752369,-3.91045135558379,397194.826330752,313.161747179412,0.0,-317.072198534996,0.0,0
220,0.5735355,-0.004235795,0.585095,-0.004006965,0.588995,-0.00358003,0.0154595,0.0265962914521382,0.337384834984215,-51165.2548254756,-21.5085566845374,205123.637312555,-237.207163791182,0.0,215.698607106645,0.0,62255.4640497692,10.0012634969283,-248921.830927542,5.00063174846415,249.460332982792,5.00063174846415,-249.460332982792,3150.24600533702,-18.5924534378275,-12255.3046965103,-9.29622671891376,55.3518398441062,-9.29622671891376,-55.3518398441062,0
628,0.298884,-0.002362975,0.302128,-0.00267129,0.306499,-0.00251355,0.0076149999999999,0.02515762748541,1.34741060419237,-63751.4134369751,10.9150272120032,255124.791566939,258.006910540017,0.0,-247.091883328014,0.0,43767.8840787332,0.390236007668815,-175071.384030791,0.195118003834407,209.207662401973,0.195118003834407,-209.207662401973,-75477.5017781789,-31.7221428817097,302916.301461723,-291.050234318739,0.0,259.32809143703,0.0,0
263,0.2820745,-0.002362975,0.284131,-0.00170672,0.288283,-0.001380275,0.0062084999999999,0.0217705561862514,2.01896425966443,-24829.2587431752,23.6544752500577,99876.5691720562,-146.1890346162,0.0,169.843509866257,0.0,24767.6266794203,-12.0997752332526,-98924.1021569861,-6.04988761662633,157.261010868068,-6.04988761662633,-157.261010868068,-60865.8308864159,20.1777846547503,243870.466539237,257.005106122276,0.0,-236.827321467526,0.0,0
499,0.3268385,-0.00159281,0.329168,-0.00159281,0.335053,-0.00159281,0.0082145,0.0248212886855323,2.52629319596483,1553.12032020173,-19.6571912987388,-5826.07611105172,-9.82859564936938,38.1643685623505,-9.82859564936938,-38.1643685623505,19559.3676112545,18.1433739628842,-77908.2884262608,9.07168698144211,139.560281264281,9.07168698144211,-139.560281264281,-53796.4627739763,24.3382424818638,215778.201143011,-220.090540099028,0.0,244.428782580892,0.0,0
517,0.4046385,-0.004006965,0.4246175,-0.001951075,0.4275415,-0.002219245,0.022903,0.0550433800379726,0.146353671354925,-20240.0061600928,32.4252511632362,82011.4215533702,-126.975556152569,0.0,159.400807315805,0.0,35102.0451555956,12.6619358467493,-140247.856002995,6.33096792337462,187.248401864338,6.33096792337462,-187.248401864338,-8941.6266165602,8.82487156669476,35844.3848244095,99.0755025311681,0.0,-90.2506309644734,0.0,0
185,0.03112295,0.0001438535,0.03380695,0.0001438535,0.0371372,0.000188797,0.0060142499999999,0.176215551826358,1.24077868852459,-15578492.3912276,25.1111521237033,62314600.1348715,3959.5354384019,0.0,-3934.4242862782,0.0,39869287.311905,35.1243304448238,-159475915.529031,17.5621652224119,6314.18869549031,17.5621652224119,-6314.18869549031,-10620616.0388343,8.59757459596324,42482538.0736262,3263.23028679387,0.0,-3254.63271219791,0.0,1
1088,0.07053255,-0.0001438535,0.07602235,0.000100952,0.0792656,-6e-05,0.0087330499999999,0.11659756812751,0.590777441801156,-1092446.95995676,-5.94824034738107,4369823.22139026,1042.23198646153,0.0,-1048.18022680892,0.0,1074495.14790049,-43.7285469672515,-4296068.4057821,-21.8642734836258,1036.34796349755,-21.8642734836258,-1036.34796349755,-408850.234595515,-9.81148985687491,1635497.20371527,634.527051328384,0.0,-644.338541185259,0.0,1
613,0.2310015,-0.00118661,0.2573885,-0.00109633,0.3032155,-0.002082045,0.072214,0.270354556294539,1.73672641831204,-87836.0934385783,24.6434599802304,351951.67387411,308.949305357827,0.0,-284.305845377597,0.0,140466.795096519,-12.5439973621798,-561709.828516253,-6.27199868108995,374.736516940988,-6.27199868108995,-374.736516940988,-53391.0974332077,-30.2915760643588,214481.969313294,-246.706778547256,0.0,216.415202482897,0.0,1
278,0.2249725,-0.002082045,0.226682,-0.002362975,0.228402,-0.002362975,0.0034295,0.0151287732327248,1.00614214682656,-128666.213976167,31.1250473431208,515633.624476779,374.600691725035,0.0,-343.475644381914,0.0,5052.86842718939,8.43595643471736,-20140.3083477891,4.21797821735868,70.958277085533,4.21797821735868,-70.958277085533,-2467.35211576107,0.317385604716572,9869.50919666637,49.8313945525811,0.0,-49.5140089478646,0.0,0
326,0.09260335,-0.0002358795,0.1018985,-0.000336875,0.1138225,-0.0002358795,0.02121915,0.205586170530484,1.28281953491875,-598953.507075175,-3.5270612581135,2395826.46846182,772.159344801987,0.0,-775.6864060601,0.0,125552.705556908,-43.2620668149133,-500339.215802535,-21.6310334074566,353.673301156072,-21.6310334074566,-353.673301156072,-318199.695091522,7.31888099432886,1272852.3463851,567.763231121083,0.0,-560.444350126755,0.0,1
1362,0.571629,-0.004006965,0.5812185,-0.002219245,0.604835,-0.0006345535,0.0332060000000001,0.0564505161228904,2.46274571145523,-13334.975938414,67.4713998335005,57892.2935491482,-86.5683872427766,0.0,154.039787076277,0.0,78296.5634082969,-25.0916146789916,-312556.664505989,-12.5458073394958,279.533837176284,-12.5458073394958,-279.533837176284,-21898.1792044212,1.74730371461817,87595.7698879558,-147.109260913014,0.0,148.856564627632,0.0,0
439,0.5640615,-0.00267129,0.565945,-0.00267129,0.5754475,-0.002082045,0.0113859999999999,0.0199840457600596,5.04512874966835,-21551.8260832153,-2.99518662107744,86216.2754757562,145.315447216994,0.0,-148.310633838072,0.0,-9032.106599471,9.66982635912617,36221.9319396996,99.995214697186,0.0,-90.3253883380599,0.0,-14239.6784918265,-9.37178130778555,57046.5442521871,-124.107982676461,0.0,114.736201368675,0.0,0
1248,0.07602235,-0.0002358795,0.08050225,-0.0007744065,0.09260335,-0.0001438535,0.016581,0.196660414159882,2.70119868747071,-244017.808990862,-16.2019741043565,976333.739928324,485.947021730451,0.0,-502.148995834808,0.0,740658.927719003,-4.9291704510608,-2962611.41415468,-2.46458522553044,860.611906458811,-2.46458522553044,-860.611906458811,-687242.223617651,38.8103086927026,2750475.13453143,-809.822669374523,0.0,848.632978067225,0.0,1
366,0.511858,-0.00300965,0.520534,-0.00267129,0.5240415,-0.00251355,0.0121835,0.0235225521394692,0.404276164130935,-40591.360968481,0.617692842750877,162365.825418372,-201.16436855916,0.0,201.782061401911,0.0,16180.8592584243,13.9091445832234,-64529.9727306601,6.9545722916117,127.013751943107,6.9545722916117,-127.013751943107,-2827.84521815677,-24.9139239162973,11932.0844775341,-67.0740025167832,0.0,42.1600786004859,0.0,0
375,0.030859,0.0001438535,0.0340799,0.0002852035,0.0374202,0.0002358795,0.0065612,0.1921873718497,1.03707038405415,-12675357.0700203,86.6691815045148,50708939.8271041,3603.84508178806,0.0,-3517.17590028355,0.0,47820688.0563892,-27.2387783487875,-191282010.274511,-13.6193891743937,6915.23698571695,-13.6193891743937,-6915.23698571695,-10514600.0495409,52.3232077782989,42061137.9162357,3268.88954176166,0.0,-3216.56633398336,0.0,1
579,0.0133892,0.000507121,0.0153105,0.000391006,0.0179552,0.000507121,0.004566,0.291343908321742,1.37651590069224,-14400313.288658,-87.3654323042031,57608885.8733938,-3838.70860122172,0.0,3751.34316891752,0.0,35828577.563582,41.3592245886873,-143312599.668869,20.6796122943434,5985.66202831544,20.6796122943434,-5985.66202831544,-37023364.4728671,-281.408426425829,148172648.593932,-6227.01361616665,0.0,5945.60518974082,0.0,1
165,0.05272365,0.000100952,0.05573325,6e-05,0.059876,6e-05,0.00715235,0.127040359361685,1.37651182881446,-2924945.52934901,15.9202462046583,11700035.5716353,1718.22586061472,0.0,-1702.30561441007,0.0,3326793.44528107,-4.07760001175836,-13307157.1543024,-2.03880000587924,1823.94881742213,-2.03880000587924,-1823.94881742213,-1414841.14157884,92.2765179473475,5667879.52207984,1236.50369887856,0.0,-1144.22718093122,0.0,1
867,0.23716,-0.0007028545,0.2425435,-0.000447714,0.2452725,-0.000569356,0.0081124999999999,0.0336316479507494,0.506919290424451,-135390.356951443,29.8834560928683,542454.448753827,-353.315807095016,0.0,383.199263187885,0.0,170610.678070531,27.5893456751621,-681681.540287341,13.7946728375811,412.820039571525,13.7946728375811,-412.820039571525,-100853.561955399,-15.3106506187652,403648.663843965,310.011427689717,0.0,-325.322078308482,0.0,0
383,0.3076,-0.00109633,0.315402,-0.002362975,0.3176615,-0.002362975,0.0100615000000001,0.0321833344928484,0.289605229428363,-28841.2330783983,-7.76515421615267,115425.229933594,165.988866882367,0.0,-173.75402109852,0.0,41592.1420317791,-25.0150420175103,-165742.815799979,-12.5075210087551,203.557618255851,-12.5075210087551,-203.557618255851,-7446.09980393626,35.790907798738,31065.3882968028,106.022334442145,0.0,-70.231426643407,0.0,0
318,0.313156,-0.001826055,0.342234,-0.0010101525,0.349547,-0.000507121,0.0363910000000001,0.109825970306457,0.251495976339503,-28321.2024378181,-5.58393001012038,113315.99002563,165.520237483077,0.0,-171.104167493197,0.0,58314.9332487717,14.3117669580098,-233054.906321626,7.15588347900491,241.378803088437,7.15588347900491,-241.378803088437,-91232.749031474,13.4102272707736,365110.83032135,-295.416894136867,0.0,308.82712140764,0.0,0
164,0.4882525,-0.002836535,0.538286,-0.004726645,0.547366,-0.00358003,0.0591135,0.114160764799007,0.181478409465657,-49187.9693199941,-2.13894008548442,196756.452344666,-222.855657814132,0.0,220.716717728648,0.0,40153.6045378976,-18.7274821306342,-160263.699564637,-9.36374106531712,200.164744376124,-9.36374106531712,-200.164744376124,-2003.16978201022,-29.4706147248909,8881.19626030383,32.3847421396079,0.0,-61.8553568644988,0.0,0
